Workbook

Sheet NE
E7: NO AGREGAR PESTANAS NUEVAS ANTES DE VMI+BOOST INT

Sheet General
A2: Constraint | B2: Unidad | C2: Unidad | E2: Protocolo de Imagenes
A3: V(D)>V_% | B3: cGy | C3: % | E3: Tg interno + Tg externo - Semanal
A4: V(D)<V_% | B4: cGy | C4: cGy | E4: Tg interno + Tg externo - Diario
A5: Dmedia | B5: cGy | E5: Tg interno + Tg externo + Ant boost - Semanal
A6: Dmax | B6: cGy | E6: Tg interno + Tg externo - Semanal + Setup Boost
A7: V(D)<V_cc | B7: cGy | C7: cc | E7: Portales ANT-LAT diario
A8: D(V_%)<D | B8: % | C8: cGy | E8: Portales ANT-LAT día por medio
A9: D(V_%)>D | B9: % | C9: cGy | E9: Portales ANT-LAT semanal
A10: D(V_cc)<D | B10: cc | C10: cGy | E10: Portales POST-LAT diario
A11: D(V_cc)>D | B11: cc | C11: cGy | E11: Portales POST-LAT día por medio
E12: Portales POST-LAT semanal
E13: Definir previo a setup
E14: CBCT diario + CBCT primeros 3 días representativos para promedios
E15: CBCT día por medio + CBCT primeros 3 días representativos para promedios
E16: CBCT una vez por semana + CBCT primeros 3 días representativos para promedios
E17: CBCT dos veces por semana + CBCT primeros 3 días representativos para promedios
E18: CBCT primer día (Syn) + Tg interno segundo día en (Plat). Semanal
E19: CBCT primer día + CBCT semanal o 2 veces por semana sujeto a setup
E20: CBCT diario + Symmetry
E21: CBCT primer día (Syn) + Portales POST-LAT dia por medio
E22: CBCT diario (SRS/SBRT)

Sheet TEMPLATE COPIAR AL FINAL
A2: Prescripción: | B2: TEMPLATE COPIAR AL FINAL | D2: =IF($B$2=RIGHT(CELL("filename",$B$2),LEN(CELL("filename",$B$2))-FIND("]",CELL("filename",$B$2))), "Todo OK ", "No coincide nombre del template con nombre de Prescripción") -> Todo OK
A4: Estructura | B4: Dosis total (cGy) | C4: Dosis diaria (cGy) | D4: Nro de fx | E4: Nro de etapa | G4: Protocolo Imágenes
A5: PTV_VMI | B5: 4005 | C5: 267 | D5: ='TEMPLATE COPIAR AL FINAL'!$B5/'TEMPLATE COPIAR AL FINAL'!$C5 -> 15 | E5: 1
A7: Tipo de Estructura | B7: Estructura | C7: Tipo de Constraint | D7: Ideal | E7: Valor ref aux (dvh) | F7: Aceptable | G7: Valor ref limite aceptable aux (dvh)
A8: target | B8: PTV_VMI | D8: 3885 | E8: 95 | F8: 3805 | G8: 95
D9: 4800 | E9: 35
A46: ESTA LINEA TIENE QUE SER LA 46. Hardcodeado hasta este valor de fila. RL

Sheet VMI
A2: Prescripción: | B2: VMI | D2: =IF($B$2=RIGHT(CELL("filename",$B$2),LEN(CELL("filename",$B$2))-FIND("]",CELL("filename",$B$2))), "Todo OK ", "No coincide nombre del template con nombre de Prescripción") -> Todo OK
A4: Estructura | B4: Dosis total (cGy) | C4: Dosis diaria (cGy) | D4: Nro de fx | E4: Nro de etapa | G4: Protocolo Imágenes
A5: PTV_VMI | B5: 4005 | C5: 267 | D5: =VMI!$B5/VMI!$C5 -> 15 | E5: 1 | G5: Tg interno + Tg externo - Semanal
A7: Tipo de Estructura | B7: Estructura | C7: Tipo de Constraint | D7: Ideal | E7: Valor ref aux (dvh) | F7: Aceptable | G7: Valor ref limite aceptable aux (dvh)
A8: target | B8: PTV_VMI | C8: V(D)>V_% | D8: 3885 | E8: 95 | F8: 3805 | G8: 95
C9: Dmax | D9: 4285
A10: oar | B10: Mama_der | C10: Dmax | D10: 240 | F10: 384
C11: V(D)<V_% | D11: 144 | E11: 5 | F11: 240 | G11: 5
B12: Pulmon_I | C12: V(D)<V_% | D12: 1200 | E12: 15 | F12: 1200 | G12: 20
C13: V(D)<V_% | D13: 800 | E13: 30 | F13: 800 | G13: 35
C14: V(D)<V_% | D14: 400 | E14: 40 | F14: 400 | G14: 55
B15: Pulmon_D | C15: V(D)<V_% | D15: 400 | E15: 10
B16: Corazon | C16: V(D)<V_% | D16: 1600 | E16: 5
C17: V(D)<V_% | D17: 800 | E17: 30
C18: Dmedia | D18: 320 | F18: 400
B19: Paciente | C19: Dmax | D19: 4285
A46: Si es necesario agregar mas lineas de constraints, revisar el codigo. Hardcodeado hasta este valor de fila. RL

Sheet VMD
A2: Prescripción: | B2: VMD | D2: =IF($B$2=RIGHT(CELL("filename",$B$2),LEN(CELL("filename",$B$2))-FIND("]",CELL("filename",$B$2))), "Todo OK ", "No coincide nombre del template con nombre de Prescripción") -> Todo OK
A4: Estructura | B4: Dosis total (cGy) | C4: Dosis diaria (cGy) | D4: Nro de fx | E4: Nro de etapa | G4: Protocolo Imágenes
A5: PTV_VMD | B5: 4005 | C5: 267 | D5: =VMD!$B5/VMD!$C5 -> 15 | E5: 1 | G5: Tg interno + Tg externo - Semanal
A7: Tipo de Estructura | B7: Estructura | C7: Tipo de Constraint | D7: Ideal | E7: Valor ref aux (dvh) | F7: Aceptable | G7: Valor ref limite aceptable aux (dvh)
A8: target | B8: PTV_VMD | C8: V(D)>V_% | D8: 3885 | E8: 95 | F8: 3805 | G8: 95
C9: Dmax | D9: 4285
A10: oar | B10: Mama_I | C10: Dmax | D10: 240 | F10: 384
C11: V(D)<V_% | D11: 144 | E11: 5 | F11: 240 | G11: 5
B12: Pulmon_D | C12: V(D)<V_% | D12: 1200 | E12: 15 | F12: 1200 | G12: 20
C13: V(D)<V_% | D13: 800 | E13: 30 | F13: 800 | G13: 35
C14: V(D)<V_% | D14: 400 | E14: 40 | F14: 400 | G14: 55
B15: Pulmon_I | C15: V(D)<V_% | D15: 400 | E15: 10
B16: Corazon | C16: V(D)<V_% | D16: 1600 | E16: 5
C17: V(D)<V_% | D17: 800 | E17: 30
C18: Dmedia | D18: 320 | F18: 400
B19: Higado | C19: V(D)<V_% | D19: 1500 | E19: 3
C20: Dmedia | D20: 500
B21: Paciente | C21: Dmax | D21: 4285
A46: Si es necesario agregar mas lineas de constraints, revisar el codigo. Hardcodeado hasta este valor de fila. RL

Sheet VMI HIPO
A2: Prescripción: | B2: VMI HIPO | D2: =IF($B$2=RIGHT(CELL("filename",$B$2),LEN(CELL("filename",$B$2))-FIND("]",CELL("filename",$B$2))), "Todo OK ", "No coincide nombre del template con nombre de Prescripción") -> Todo OK
A4: Estructura | B4: Dosis total (cGy) | C4: Dosis diaria (cGy) | D4: Nro de fx | E4: Nro de etapa | G4: Protocolo Imágenes
A5: PTV_VMI | B5: 2600 | C5: 520 | D5: ='VMI HIPO'!$B5/'VMI HIPO'!$C5 -> 5 | E5: 1 | G5: Tg interno + Tg externo - Diario
A7: Tipo de Estructura | B7: Estructura | C7: Tipo de Constraint | D7: Ideal | E7: Valor ref aux (dvh) | F7: Aceptable | G7: Valor ref limite aceptable aux (dvh)
A8: target | B8: PTV_VMI | C8: V(D)>V_% | D8: 2522 | E8: 95 | F8: 2470 | G8: 95
C9: V(D)<V_% | D9: 2730 | E9: 2 | F9: 2782 | G9: 2
A10: oar | B10: Mama_D | C10: Dmax | D10: 600
C11: Dmedia | D11: 150
B12: Pulmon_I | C12: V(D)<V_% | D12: 800 | E12: 15
C13: V(D)<V_% | D13: 500 | E13: 30
C14: Dmedia | D14: 450
B15: Pulmon_D | C15: Dmedia | D15: 120 | F15: 580
C16: Dmax | D16: 700
B17: Corazon | C17: V(D)<V_% | D17: 700 | E17: 5
C18: V(D)<V_% | D18: 150 | E18: 30
C19: Dmedia | D19: 200 | F19: 300
B20: Medula | C20: Dmax | D20: 250 | F20: 400
B21: Paciente | C21: Dmax | D21: 2860
A47: Si es necesario agregar mas lineas de constraints, revisar el codigo. Hardcodeado hasta este valor de fila. RL

Sheet VMD HIPO
A2: Prescripción: | B2: VMD HIPO | D2: =IF($B$2=RIGHT(CELL("filename",$B$2),LEN(CELL("filename",$B$2))-FIND("]",CELL("filename",$B$2))), "Todo OK ", "No coincide nombre del template con nombre de Prescripción") -> Todo OK
A4: Estructura | B4: Dosis total (cGy) | C4: Dosis diaria (cGy) | D4: Nro de fx | E4: Nro de etapa | G4: Protocolo Imágenes
A5: PTV_VMD | B5: 2600 | C5: 520 | D5: ='VMD HIPO'!$B5/'VMD HIPO'!$C5 -> 5 | E5: 1 | G5: Tg interno + Tg externo - Diario
A7: Tipo de Estructura | B7: Estructura | C7: Tipo de Constraint | D7: Ideal | E7: Valor ref aux (dvh) | F7: Aceptable | G7: Valor ref limite aceptable aux (dvh)
A8: target | B8: PTV_VMD | C8: V(D)>V_% | D8: 2522 | E8: 95 | F8: 2470 | G8: 95
C9: V(D)<V_% | D9: 2730 | E9: 2 | F9: 2782 | G9: 2
A10: oar | B10: Mama_I | C10: Dmax | D10: 600
C11: Dmedia | D11: 150
B12: Pulmon_D | C12: V(D)<V_% | D12: 800 | E12: 15
C13: V(D)<V_% | D13: 500 | E13: 30
C14: Dmedia | D14: 450
B15: Pulmon_I | C15: Dmedia | D15: 120 | F15: 580
C16: Dmax | D16: 700
B17: Corazon | C17: V(D)<V_% | D17: 700 | E17: 5
C18: V(D)<V_% | D18: 150 | E18: 30
C19: Dmedia | D19: 200 | F19: 300
B20: Medula | C20: Dmax | D20: 250 | F20: 400
B21: Higado | C21: V(D)<V_% | D21: 1860 | E21: 60
B22: Paciente | C22: Dmax | D22: 2860
A47: Si es necesario agregar mas lineas de constraints, revisar el codigo. Hardcodeado hasta este valor de fila. RL

Sheet VMI+BOOST INT HIPO
A2: Prescripción: | B2: VMI+BOOST INT HIPO | D2: =IF($B$2=RIGHT(CELL("filename",$B$2),LEN(CELL("filename",$B$2))-FIND("]",CELL("filename",$B$2))), "Todo OK ", "No coincide nombre del template con nombre de Prescripción") -> Todo OK
A4: Estructura | B4: Dosis total (cGy) | C4: Dosis diaria (cGy) | D4: Nro de fx | E4: Nro de etapa | G4: Protocolo Imágenes
A5: PTV_VMI | B5: 2600 | C5: 520 | D5: ='VMI+BOOST INT HIPO'!$B5/'VMI+BOOST INT HIPO'!$C5 -> 5 | E5: 1 | G5: Tg interno + Tg externo - Diario
A6: PTV_BOOST | B6: 2900 | C6: 580 | D6: 5 | E6: 1
A8: Tipo de Estructura | B8: Estructura | C8: Tipo de Constraint | D8: Ideal | E8: Valor ref aux (dvh) | F8: Aceptable | G8: Valor ref limite aceptable aux (dvh)
A9: target | B9: PTV_VMI | C9: V(D)>V_% | D9: 2522 | E9: 95 | F9: 2470 | G9: 95
C10: V(D)<V_% | D10: 2900 | E10: 35
C11: V(D)<V_% | D11: 2730 | E11: 50
B12: PTV_LUMP | C12: V(D)>V_% | D12: 2813 | E12: 95
C13: Dmax | D13: 3103
A14: oar | B14: Mama_D | C14: Dmax | D14: 600
C15: Dmedia | D15: 150
B16: Pulmon_I | C16: V(D)<V_% | D16: 800 | E16: 15
C17: V(D)<V_% | D17: 500 | E17: 30
C18: Dmedia | D18: 450
B19: Pulmon_D | C19: Dmedia | D19: 120 | F19: 580
C20: Dmax | D20: 700
B21: Corazon | C21: V(D)<V_% | D21: 700 | E21: 5
C22: V(D)<V_% | D22: 150 | E22: 30
C23: Dmedia | D23: 200 | F23: 300
B24: Medula | C24: Dmax | D24: 250 | F24: 400
B25: Paciente | C25: Dmax | D25: 3103
A46: Si es necesario agregar mas lineas de constraints, revisar el codigo. Hardcodeado hasta este valor de fila. RL

Sheet VMD+BOOST INT HIPO
A2: Prescripción: | B2: VMD+BOOST INT HIPO | D2: =IF($B$2=RIGHT(CELL("filename",$B$2),LEN(CELL("filename",$B$2))-FIND("]",CELL("filename",$B$2))), "Todo OK ", "No coincide nombre del template con nombre de Prescripción") -> Todo OK
A4: Estructura | B4: Dosis total (cGy) | C4: Dosis diaria (cGy) | D4: Nro de fx | E4: Nro de etapa | G4: Protocolo Imágenes
A5: PTV_VMD | B5: 2600 | C5: 520 | D5: ='VMD+BOOST INT HIPO'!$B5/'VMD+BOOST INT HIPO'!$C5 -> 5 | E5: 1 | G5: Tg interno + Tg externo - Diario
A6: PTV_BOOST | B6: 2900 | C6: 580 | D6: 5 | E6: 1
A8: Tipo de Estructura | B8: Estructura | C8: Tipo de Constraint | D8: Ideal | E8: Valor ref aux (dvh) | F8: Aceptable | G8: Valor ref limite aceptable aux (dvh)
A9: target | B9: PTV_VMD | C9: V(D)>V_% | D9: 2522 | E9: 95 | F9: 2470 | G9: 95
C10: V(D)<V_% | D10: 2900 | E10: 35
C11: V(D)<V_% | D11: 2730 | E11: 50
B12: PTV_LUMP | C12: V(D)>V_% | D12: 2813 | E12: 95
C13: Dmax | D13: 3103
A14: oar | B14: Mama_I | C14: Dmax | D14: 600
C15: Dmedia | D15: 150
B16: Pulmon_D | C16: V(D)<V_% | D16: 800 | E16: 15
C17: V(D)<V_% | D17: 500 | E17: 30
C18: Dmedia | D18: 450
B19: Pulmon_I | C19: Dmedia | D19: 120 | F19: 580
C20: Dmax | D20: 700
B21: Corazon | C21: V(D)<V_% | D21: 700 | E21: 5
C22: V(D)<V_% | D22: 150 | E22: 30
C23: Dmedia | D23: 200 | F23: 300
B24: Medula | C24: Dmax | D24: 250 | F24: 400
B25: Higado | C25: V(D)<V_% | D25: 1860 | E25: 60
B26: Paciente | C26: Dmax | D26: 3103
A46: Si es necesario agregar mas lineas de constraints, revisar el codigo. Hardcodeado hasta este valor de fila. RL

Sheet VMI+BOOST INT
A2: Prescripción: | B2: VMI+BOOST INT | D2: =IF($B$2=RIGHT(CELL("filename",$B$2),LEN(CELL("filename",$B$2))-FIND("]",CELL("filename",$B$2))), "Todo OK ", "No coincide nombre del template con nombre de Prescripción") -> Todo OK
A4: Estructura | B4: Dosis total (cGy) | C4: Dosis diaria (cGy) | D4: Nro de fx | E4: Nro de etapa | G4: Protocolo Imágenes
A5: PTV_VMI | B5: 4005 | C5: 267 | D5: ='VMI+BOOST INT'!$B5/'VMI+BOOST INT'!$C5 -> 15 | E5: 1 | G5: Tg interno + Tg externo + Ant boost - Semanal
A6: PTV_BOOST | B6: 4800 | C6: 320 | D6: ='VMI+BOOST INT'!$B6/'VMI+BOOST INT'!$C6 -> 15 | E6: 1
A8: Tipo de Estructura | B8: Estructura | C8: Tipo de Constraint | D8: Ideal | E8: Valor ref aux (dvh) | F8: Aceptable | G8: Valor ref limite aceptable aux (dvh)
A9: target | B9: PTV_VMI | C9: V(D)>V_% | D9: 3885 | E9: 95 | F9: 3805 | G9: 95
C10: V(D)<V_% | D10: 4800 | E10: 35
C11: V(D)<V_% | D11: 4320 | E11: 50
B12: PTV_BOOST | C12: V(D)>V_% | D12: 4656 | E12: 95
C13: V(D)<V_% | D13: 5280 | E13: 5
C14: Dmax | D14: 5376
A15: oar | B15: Mama_der | C15: Dmax | D15: 240 | F15: 384
C16: V(D)<V_% | D16: 144 | E16: 5 | F16: 240 | G16: 5
B17: Pulmon_I | C17: V(D)<V_% | D17: 1200 | E17: 15 | F17: 1200 | G17: 20
C18: V(D)<V_% | D18: 800 | E18: 30 | F18: 800 | G18: 35
C19: V(D)<V_% | D19: 400 | E19: 40 | F19: 400 | G19: 55
B20: Pulmon_D | C20: V(D)<V_% | D20: 400 | E20: 10
B21: Corazon | C21: V(D)<V_% | D21: 1600 | E21: 5
C22: V(D)<V_% | D22: 800 | E22: 30
C23: Dmedia | D23: 320 | F23: 400
B24: Paciente | C24: Dmax | D24: 5136
A46: Si es necesario agregar mas lineas de constraints, revisar el codigo. Hardcodeado hasta este valor de fila. RL

Sheet VMD+BOOST INT
A2: Prescripción: | B2: VMD+BOOST INT | D2: =IF($B$2=RIGHT(CELL("filename",$B$2),LEN(CELL("filename",$B$2))-FIND("]",CELL("filename",$B$2))), "Todo OK ", "No coincide nombre del template con nombre de Prescripción") -> Todo OK
A4: Estructura | B4: Dosis total (cGy) | C4: Dosis diaria (cGy) | D4: Nro de fx | E4: Nro de etapa | G4: Protocolo Imágenes
A5: PTV_VMD | B5: 4005 | C5: 267 | D5: ='VMD+BOOST INT'!$B5/'VMD+BOOST INT'!$C5 -> 15 | E5: 1 | G5: Tg interno + Tg externo + Ant boost - Semanal
A6: PTV_BOOST | B6: 4800 | C6: 320 | D6: ='VMD+BOOST INT'!$B6/'VMD+BOOST INT'!$C6 -> 15 | E6: 1
A8: Tipo de Estructura | B8: Estructura | C8: Tipo de Constraint | D8: Ideal | E8: Valor ref aux (dvh) | F8: Aceptable | G8: Valor ref limite aceptable aux (dvh)
A9: target | B9: PTV_VMD | C9: V(D)>V_% | D9: 3885 | E9: 95 | F9: 3805 | G9: 95
C10: V(D)<V_% | D10: 4800 | E10: 35
C11: V(D)<V_% | D11: 4320 | E11: 50
B12: PTV_BOOST | C12: V(D)>V_% | D12: 4656 | E12: 95
C13: V(D)<V_% | D13: 5280 | E13: 5
C14: Dmax | D14: 5376
A15: oar | B15: Mama_I | C15: Dmax | D15: 240 | F15: 384
C16: V(D)<V_% | D16: 144 | E16: 5 | F16: 240 | G16: 5
B17: Pulmon_D | C17: V(D)<V_% | D17: 1200 | E17: 15 | F17: 1200 | G17: 20
C18: V(D)<V_% | D18: 800 | E18: 30 | F18: 800 | G18: 35
C19: V(D)<V_% | D19: 400 | E19: 40 | F19: 400 | G19: 55
B20: Pulmon_I | C20: V(D)<V_% | D20: 400 | E20: 10
B21: Corazon | C21: V(D)<V_% | D21: 1600 | E21: 5
C22: V(D)<V_% | D22: 800 | E22: 30
C23: Dmedia | D23: 320 | F23: 400
B24: Higado | C24: V(D)<V_% | D24: 1500 | E24: 3
C25: Dmedia | D25: 500
B26: Paciente | C26: Dmax | D26: 5136
A46: Si es necesario agregar mas lineas de constraints, revisar el codigo. Hardcodeado hasta este valor de fila. RL

Sheet VMI+BOOST SEC
A2: Prescripción: | B2: VMI+BOOST SEC | D2: =IF($B$2=RIGHT(CELL("filename",$B$2),LEN(CELL("filename",$B$2))-FIND("]",CELL("filename",$B$2))), "Todo OK ", "No coincide nombre del template con nombre de Prescripción") -> Todo OK
A4: Estructura | B4: Dosis total (cGy) | C4: Dosis diaria (cGy) | D4: Nro de fx | E4: Nro de etapa | G4: Protocolo Imágenes
A5: PTV_VMI | B5: 4005 | C5: 267 | D5: 15 | E5: 1 | G5: Tg interno + Tg externo - Semanal + Setup Boost
A6: PTV_LUMP | B6: 4005 | C6: 267 | D6: 15 | E6: 1
A7: PTV_LUMP_E | B7: 1068 | C7: 267 | D7: 4 | E7: 2
A9: Tipo de Estructura | B9: Estructura | C9: Tipo de Constraint | D9: Ideal | E9: Valor ref aux (dvh) | F9: Aceptable | G9: Valor ref limite aceptable aux (dvh)
A10: target | B10: PTV_VMI | C10: V(D)>V_% | D10: 3885 | E10: 95 | F10: 3805 | G10: 95
C11: V(D)<V_% | D11: 4800 | E11: 35
C12: V(D)<V_% | D12: 4320 | E12: 50
C13: Dmax | D13: 4285
B14: PTV_LUMP | C14: V(D)>V_% | D14: 3885 | E14: 95 | F14: 3805 | G14: 95
C15: Dmax | D15: 4285
B16: PTV_LUMP_E | C16: V(D)>V_% | D16: 1036 | E16: 95 | F16: 1015 | G16: 95
A17: oar | B17: Mama_D | C17: Dmax | D17: 240 | F17: 384
C18: V(D)<V_% | D18: 144 | E18: 5 | F18: 240 | G18: 5
B19: Pulmon_I | C19: V(D)<V_% | D19: 1200 | E19: 15 | F19: 1200 | G19: 20
C20: V(D)<V_% | D20: 800 | E20: 30 | F20: 800 | G20: 35
C21: V(D)<V_% | D21: 400 | E21: 40 | F21: 400 | G21: 55
B22: Pulmon_D | C22: V(D)<V_% | D22: 400 | E22: 10
B23: Corazon | C23: V(D)<V_% | D23: 1600 | E23: 5
C24: V(D)<V_% | D24: 800 | E24: 30
C25: Dmedia | D25: 320 | F25: 400
B26: Paciente | C26: Dmax | D26: 5128
A46: Si es necesario agregar mas lineas de constraints, revisar el codigo. Hardcodeado hasta este valor de fila. RL

Sheet VMD+BOOST SEC
A2: Prescripción: | B2: VMD+BOOST SEC | D2: =IF($B$2=RIGHT(CELL("filename",$B$2),LEN(CELL("filename",$B$2))-FIND("]",CELL("filename",$B$2))), "Todo OK ", "No coincide nombre del template con nombre de Prescripción") -> Todo OK
A4: Estructura | B4: Dosis total (cGy) | C4: Dosis diaria (cGy) | D4: Nro de fx | E4: Nro de etapa | G4: Protocolo Imágenes
A5: PTV_VMD | B5: 4005 | C5: 267 | D5: 15 | E5: 1 | G5: Tg interno + Tg externo - Semanal + Setup Boost
A6: PTV_LUMP | B6: 4005 | C6: 267 | D6: 15 | E6: 1
A7: PTV_LUMP_E | B7: 1068 | C7: 267 | D7: 4 | E7: 2
A9: Tipo de Estructura | B9: Estructura | C9: Tipo de Constraint | D9: Ideal | E9: Valor ref aux (dvh) | F9: Aceptable | G9: Valor ref limite aceptable aux (dvh)
A10: target | B10: PTV_VMD | C10: V(D)>V_% | D10: 3885 | E10: 95 | F10: 3805 | G10: 95
C11: V(D)<V_% | D11: 4800 | E11: 35
C12: V(D)<V_% | D12: 4320 | E12: 50
C13: Dmax | D13: 4285
B14: PTV_LUMP | C14: V(D)>V_% | D14: 3885 | E14: 95 | F14: 3805 | G14: 95
C15: Dmax | D15: 4285
B16: PTV_LUMP_E | C16: V(D)>V_% | D16: 1036 | E16: 95 | F16: 1015 | G16: 95
A17: oar | B17: Mama_I | C17: Dmax | D17: 240 | F17: 384
C18: V(D)<V_% | D18: 144 | E18: 5 | F18: 240 | G18: 5
B19: Pulmon_D | C19: V(D)<V_% | D19: 1200 | E19: 15 | F19: 1200 | G19: 20
C20: V(D)<V_% | D20: 800 | E20: 30 | F20: 800 | G20: 35
C21: V(D)<V_% | D21: 400 | E21: 40 | F21: 400 | G21: 55
B22: Pulmon_I | C22: V(D)<V_% | D22: 400 | E22: 10
B23: Corazon | C23: V(D)<V_% | D23: 1600 | E23: 5
C24: V(D)<V_% | D24: 800 | E24: 30
C25: Dmedia | D25: 320 | F25: 400
B26: Higado | C26: V(D)<V_% | D26: 1500 | E26: 3
C27: Dmedia | D27: 500
B28: Paciente | C28: Dmax | D28: 5128
C29: Dmedia | D29: 500
A46: Si es necesario agregar mas lineas de constraints, revisar el codigo. Hardcodeado hasta este valor de fila. RL

Sheet VMI+LN
A2: Prescripción: | B2: VMI+LN | D2: =IF($B$2=RIGHT(CELL("filename",$B$2),LEN(CELL("filename",$B$2))-FIND("]",CELL("filename",$B$2))), "Todo OK ", "No coincide nombre del template con nombre de Prescripción") -> Todo OK
A4: Estructura | B4: Dosis total (cGy) | C4: Dosis diaria (cGy) | D4: Nro de fx | E4: Nro de etapa | G4: Protocolo Imágenes
A5: PTV_VMI | B5: 4005 | C5: 267 | D5: 15 | E5: 1 | G5: CBCT primer día + CBCT semanal o 2 veces por semana sujeto a setup
A6: PTV_LN | B6: 4005 | C6: 267 | D6: 15 | E6: 1
A9: Tipo de Estructura | B9: Estructura | C9: Tipo de Constraint | D9: Ideal | E9: Valor ref aux (dvh) | F9: Aceptable | G9: Valor ref limite aceptable aux (dvh)
A10: target | B10: PTV_VMI | C10: V(D)>V_% | D10: 3885 | E10: 95 | F10: 3805 | G10: 95
C11: Dmax | D11: 4285
B12: PTV_LN | C12: V(D)>V_% | D12: 3885 | E12: 95 | F12: 3805 | G12: 95
C13: Dmax | D13: 4285
A14: oar | B14: Mama_D | C14: V(D)<V_% | D14: 300 | E14: 10 | F14: 500 | G14: 10
B15: Pulmon_I | C15: V(D)<V_% | D15: 1800 | E15: 35 | F15: 1800 | G15: 40
B16: Pulmon_D | C16: V(D)<V_% | D16: 480 | E16: 10 | F16: 480 | G16: 15
B17: Corazon | C17: V(D)<V_% | D17: 2250 | E17: 2
C18: Dmedia | D18: 300 | F18: 500
B19: Medula | C19: Dmax | D19: 2003
B20: Humero_I | C20: Dmax | D20: 4000
B21: Tiroides | C21: V(D)<V_% | D21: 3750 | E21: 50
B22: Esofago | C22: V(D)<V_% | D22: 4005 | E22: 2 | F22: 4005 | G22: 5
C23: V(D)<V_% | D23: 3400 | E23: 50
B24: Paciente | C24: Dmax | D24: 4285
A46: Si es necesario agregar mas lineas de constraints, revisar el codigo. Hardcodeado hasta este valor de fila. RL

Sheet VMD+LN
A2: Prescripción: | B2: VMD+LN | D2: =IF($B$2=RIGHT(CELL("filename",$B$2),LEN(CELL("filename",$B$2))-FIND("]",CELL("filename",$B$2))), "Todo OK ", "No coincide nombre del template con nombre de Prescripción") -> Todo OK
A4: Estructura | B4: Dosis total (cGy) | C4: Dosis diaria (cGy) | D4: Nro de fx | E4: Nro de etapa | G4: Protocolo Imágenes
A5: PTV_VMD | B5: 4005 | C5: 267 | D5: 15 | E5: 1 | G5: CBCT primer día + CBCT semanal o 2 veces por semana sujeto a setup
A6: PTV_LN | B6: 4005 | C6: 267 | D6: 15 | E6: 1
A9: Tipo de Estructura | B9: Estructura | C9: Tipo de Constraint | D9: Ideal | E9: Valor ref aux (dvh) | F9: Aceptable | G9: Valor ref limite aceptable aux (dvh)
A10: target | B10: PTV_VMD | C10: V(D)>V_% | D10: 3885 | E10: 95 | F10: 3805 | G10: 95
C11: Dmax | D11: 4285
B12: PTV_LN | C12: V(D)>V_% | D12: 3885 | E12: 95 | F12: 3805
C13: Dmax | D13: 4285
A14: oar | B14: Mama_I | C14: V(D)<V_% | D14: 300 | E14: 10 | F14: 500 | G14: 10
B15: Pulmon_D | C15: V(D)<V_% | D15: 1800 | E15: 35 | F15: 1800 | G15: 40
B16: Pulmon_I | C16: V(D)<V_% | D16: 480 | E16: 10 | F16: 480 | G16: 15
B17: Corazon | C17: V(D)<V_% | D17: 2250 | E17: 2
C18: Dmedia | D18: 300 | F18: 500
B19: Medula | C19: Dmax | D19: 2003
B20: Humero_D | C20: Dmax | D20: 4000
B21: Tiroides | C21: V(D)<V_% | D21: 3750 | E21: 50
B22: Esofago | C22: V(D)<V_% | D22: 4005 | E22: 2 | F22: 4005 | G22: 5
C23: V(D)<V_% | D23: 3400 | E23: 50
B24: Higado | C24: V(D)<V_% | D24: 1500 | E24: 3
C25: Dmedia | D25: 500
B26: Paciente | C26: Dmedia | D26: 4285
A46: Si es necesario agregar mas lineas de constraints, revisar el codigo. Hardcodeado hasta este valor de fila. RL

Sheet VMI+LN+BOOST INT
A2: Prescripción: | B2: VMI+LN+BOOST INT | D2: =IF($B$2=RIGHT(CELL("filename",$B$2),LEN(CELL("filename",$B$2))-FIND("]",CELL("filename",$B$2))), "Todo OK ", "No coincide nombre del template con nombre de Prescripción") -> Todo OK
A4: Estructura | B4: Dosis total (cGy) | C4: Dosis diaria (cGy) | D4: Nro de fx | E4: Nro de etapa | G4: Protocolo Imágenes
A5: PTV_VMI | B5: 4005 | C5: 267 | D5: 15 | E5: 1 | G5: CBCT primer día + CBCT semanal o 2 veces por semana sujeto a setup
A6: PTV_LN | B6: 4005 | C6: 267 | D6: 15 | E6: 1
A7: PTV_LUMP | B7: 4800 | C7: 320 | D7: 15 | E7: 1
A10: Tipo de Estructura | B10: Estructura | C10: Tipo de Constraint | D10: Ideal | E10: Valor ref aux (dvh) | F10: Aceptable | G10: Valor ref limite aceptable aux (dvh)
A11: target | B11: PTV_VMI | C11: V(D)>V_% | D11: 3885 | E11: 95 | F11: 3805 | G11: 95
C12: V(D)<V_% | D12: 4320 | E12: 50
C13: V(D)<V_% | D13: 4800 | E13: 35
B14: PTV_LN | C14: V(D)>V_% | D14: 3885 | E14: 95 | F14: 3805 | G14: 95
C15: Dmax | D15: 4285
B16: PTV_LUMP | C16: V(D)>V_% | D16: 4656 | E16: 95
C17: V(D)<V_% | D17: 5280 | E17: 5
C18: Dmax | D18: 5376
A19: oar | B19: Mama_D | C19: V(D)<V_% | D19: 300 | E19: 10 | F19: 500 | G19: 10
B20: Pulmon_I | C20: V(D)<V_% | D20: 1800 | E20: 35 | F20: 1800 | G20: 40
B21: Pulmon_D | C21: V(D)<V_% | D21: 480 | E21: 10 | F21: 480 | G21: 15
B22: Corazon | C22: V(D)<V_% | D22: 2250 | E22: 2
C23: Dmedia | D23: 300 | F23: 500
B24: Medula | C24: Dmax | D24: 2003
B25: Humero_I | C25: Dmax | D25: 4000
B26: Tiroides | C26: V(D)<V_% | D26: 3750 | E26: 50
B27: Esofago | C27: V(D)<V_% | D27: 4005 | E27: 2 | F27: 4005 | G27: 5
C28: V(D)<V_% | D28: 3400 | E28: 50
B29: Paciente | C29: Dmax | D29: 5376
A46: Si es necesario agregar mas lineas de constraints, revisar el codigo. Hardcodeado hasta este valor de fila. RL

Sheet VMD+LN+BOOST INT
A2: Prescripción: | B2: VMD+LN+BOOST INT | D2: =IF($B$2=RIGHT(CELL("filename",$B$2),LEN(CELL("filename",$B$2))-FIND("]",CELL("filename",$B$2))), "Todo OK ", "No coincide nombre del template con nombre de Prescripción") -> Todo OK
A4: Estructura | B4: Dosis total (cGy) | C4: Dosis diaria (cGy) | D4: Nro de fx | E4: Nro de etapa | G4: Protocolo Imágenes
A5: PTV_VMD | B5: 4005 | C5: 267 | D5: 15 | E5: 1 | G5: CBCT primer día + CBCT semanal o 2 veces por semana sujeto a setup
A6: PTV_LN | B6: 4005 | C6: 267 | D6: 15 | E6: 1
A7: PTV_LUMP | B7: 4800 | C7: 320 | D7: 15 | E7: 1
A10: Tipo de Estructura | B10: Estructura | C10: Tipo de Constraint | D10: Ideal | E10: Valor ref aux (dvh) | F10: Aceptable | G10: Valor ref limite aceptable aux (dvh)
A11: target | B11: PTV_VMD | C11: V(D)>V_% | D11: 3885 | E11: 95 | F11: 3805 | G11: 95
C12: V(D)<V_% | D12: 4320 | E12: 50
C13: V(D)<V_% | D13: 4800 | E13: 35
B14: PTV_LN | C14: V(D)>V_% | D14: 3885 | E14: 95 | F14: 3805 | G14: 95
C15: Dmax | D15: 4285
B16: PTV_LUMP | C16: V(D)>V_% | D16: 4656 | E16: 95
C17: V(D)<V_% | D17: 5280 | E17: 5
C18: Dmax | D18: 5376
A19: oar | B19: Mama_I | C19: V(D)<V_% | D19: 300 | E19: 10 | F19: 500 | G19: 10
B20: Pulmon_D | C20: V(D)<V_% | D20: 1800 | E20: 35 | F20: 1800 | G20: 40
B21: Pulmon_I | C21: V(D)<V_% | D21: 480 | E21: 10 | F21: 480 | G21: 15
B22: Corazon | C22: V(D)<V_% | D22: 2250 | E22: 2
C23: Dmedia | D23: 300 | F23: 500
B24: Medula | C24: Dmax | D24: 2003
B25: Humero_D | C25: Dmax | D25: 4000
B26: Tiroides | C26: V(D)<V_% | D26: 3750 | E26: 50
B27: Esofago | C27: V(D)<V_% | D27: 4005 | E27: 2 | F27: 4005 | G27: 5
C28: V(D)<V_% | D28: 3400 | E28: 50
B29: Higado | C29: V(D)<V_% | D29: 1500 | E29: 3
C30: Dmedia | D30: 500
B31: Paciente | C31: Dmax | D31: 5376
A46: Si es necesario agregar mas lineas de constraints, revisar el codigo. Hardcodeado hasta este valor de fila. RL

Sheet VM_BILAT+BOOST INT
A2: Prescripción: | B2: VM_BILAT+BOOST INT | D2: =IF($B$2=RIGHT(CELL("filename",$B$2),LEN(CELL("filename",$B$2))-FIND("]",CELL("filename",$B$2))), "Todo OK ", "No coincide nombre del template con nombre de Prescripción") -> Todo OK
A4: Estructura | B4: Dosis total (cGy) | C4: Dosis diaria (cGy) | D4: Nro de fx | E4: Nro de etapa | G4: Protocolo Imágenes
A5: PTV_VMI | B5: 4005 | C5: 267 | D5: 15 | E5: 1 | G5: Definir previo a setup
A6: PTV_VMD | B6: 4005 | C6: 267 | D6: 15 | E6: 1
A7: PTV_LUMP_I | B7: 4800 | C7: 320 | D7: 15 | E7: 1
A8: PTV_LUMP_D | B8: 4800 | C8: 320 | D8: 15 | E8: 1
A10: Tipo de Estructura | B10: Estructura | C10: Tipo de Constraint | D10: Ideal | E10: Valor ref aux (dvh) | F10: Aceptable | G10: Valor ref limite aceptable aux (dvh)
A11: target | B11: PTV_VMI | C11: V(D)>V_% | D11: 3885 | E11: 95 | F11: 3805 | G11: 95
C12: V(D)<V_% | D12: 4320 | E12: 50
C13: V(D)<V_% | D13: 4800 | E13: 35
B14: PTV_VMD | C14: V(D)>V_% | D14: 3885 | E14: 95 | F14: 3805 | G14: 95
C15: V(D)<V_% | D15: 4320 | E15: 50
C16: V(D)<V_% | D16: 4800 | E16: 35
B17: PTV_LUMP_I | C17: V(D)>V_% | D17: 4656 | E17: 95
C18: V(D)<V_% | D18: 5280 | E18: 5
C19: Dmax | D19: 5376
B20: PTV_LUMP_D | C20: V(D)>V_% | D20: 4656 | E20: 95
C21: V(D)<V_% | D21: 5280 | E21: 5
C22: Dmax | D22: 5376
A23: oar | B23: Pulmon_I | C23: V(D)<V_% | D23: 1200 | E23: 15 | F23: 1200 | G23: 20
C24: V(D)<V_% | D24: 800 | E24: 30 | F24: 800 | G24: 35
C25: V(D)<V_% | D25: 400 | E25: 40 | F25: 400 | G25: 55
B26: Pulmon_D | C26: V(D)<V_% | D26: 1200 | E26: 15 | F26: 1200 | G26: 20
C27: V(D)<V_% | D27: 800 | E27: 30 | F27: 800 | G27: 35
C28: V(D)<V_% | D28: 400 | E28: 40 | F28: 400 | G28: 55
B29: Corazon | C29: V(D)<V_% | D29: 1600 | E29: 5
C30: V(D)<V_% | D30: 800 | E30: 30
C31: Dmedia | D31: 320 | F31: 400
B32: Higado | C32: V(D)<V_% | D32: 1500 | E32: 3
C33: Dmedia | D33: 500
B34: Paciente | C34: Dmax | D34: 5136
A46: Si es necesario agregar mas lineas de constraints, revisar el codigo. Hardcodeado hasta este valor de fila. RL

Sheet VM_BILAT+LN_I+BOOST INT
A2: Prescripción: | B2: VM_BILAT+LN_I+BOOST INT | D2: =IF($B$2=RIGHT(CELL("filename",$B$2),LEN(CELL("filename",$B$2))-FIND("]",CELL("filename",$B$2))), "Todo OK ", "No coincide nombre del template con nombre de Prescripción") -> Todo OK
A4: Estructura | B4: Dosis total (cGy) | C4: Dosis diaria (cGy) | D4: Nro de fx | E4: Nro de etapa | G4: Protocolo Imágenes
A5: PTV_VMI | B5: 4005 | C5: 267 | D5: 15 | E5: 1 | G5: Definir previo a setup
A6: PTV_VMD | B6: 4005 | C6: 267 | D6: 15 | E6: 1
A7: PTV_LN_I | B7: 4005 | C7: 267 | D7: 15 | E7: 1
A8: PTV_LUMP_I | B8: 4800 | C8: 320 | D8: 15 | E8: 1
A9: PTV_LUMP_D | B9: 4800 | C9: 320 | D9: 15 | E9: 1
A11: Tipo de Estructura | B11: Estructura | C11: Tipo de Constraint | D11: Ideal | E11: Valor ref aux (dvh) | F11: Aceptable | G11: Valor ref limite aceptable aux (dvh)
A12: target | B12: PTV_VMI | C12: V(D)>V_% | D12: 3885 | E12: 95 | F12: 3805 | G12: 95
C13: V(D)<V_% | D13: 4320 | E13: 50
C14: V(D)<V_% | D14: 4800 | E14: 35
B15: PTV_VMD | C15: V(D)>V_% | D15: 3885 | E15: 95 | F15: 3805 | G15: 95
C16: V(D)<V_% | D16: 4320 | E16: 50
C17: V(D)<V_% | D17: 4800 | E17: 35
B18: PTV_LN_I | C18: V(D)>V_% | D18: 3885 | E18: 95 | F18: 3805 | G18: 95
C19: Dmax | D19: 4285
B20: PTV_LUMP_I | C20: V(D)>V_% | D20: 4656 | E20: 95
C21: V(D)<V_% | D21: 5280 | E21: 5
C22: Dmax | D22: 5376
B23: PTV_LUMP_D | C23: V(D)>V_% | D23: 4656 | E23: 95
C24: V(D)<V_% | D24: 5280 | E24: 5
C25: Dmax | D25: 5376
A26: oar | B26: Pulmon_I | C26: V(D)<V_% | D26: 1800 | E26: 35 | F26: 1800 | G26: 40
B27: Pulmon_D | C27: V(D)<V_% | D27: 1200 | E27: 15 | F27: 1200 | G27: 20
C28: V(D)<V_% | D28: 800 | E28: 30 | F28: 800 | G28: 35
C29: V(D)<V_% | D29: 400 | E29: 40 | F29: 400 | G29: 55
B30: Corazon | C30: V(D)<V_% | D30: 2250 | E30: 2
C31: Dmedia | D31: 300 | F31: 500
B32: Medula | C32: Dmax | D32: 2003
B33: Humero_I | C33: Dmax | D33: 4000
B34: Humero_D | C34: Dmax | D34: 4000
B35: Tiroides | C35: V(D)<V_% | D35: 3750 | E35: 50
B36: Esofago | C36: V(D)<V_% | D36: 4005 | E36: 2 | F36: 4005 | G36: 5
C37: V(D)<V_% | D37: 3400 | E37: 50
B38: Paciente | C38: Dmax | D38: 5376
A47: Si es necesario agregar mas lineas de constraints, revisar el codigo. Hardcodeado hasta este valor de fila. RL

Sheet VM_BILAT+LN_D+BOOST INT
A2: Prescripción: | B2: VM_BILAT+LN_D+BOOST INT | D2: =IF($B$2=RIGHT(CELL("filename",$B$2),LEN(CELL("filename",$B$2))-FIND("]",CELL("filename",$B$2))), "Todo OK ", "No coincide nombre del template con nombre de Prescripción") -> Todo OK
A4: Estructura | B4: Dosis total (cGy) | C4: Dosis diaria (cGy) | D4: Nro de fx | E4: Nro de etapa | G4: Protocolo Imágenes
A5: PTV_VMI | B5: 4005 | C5: 267 | D5: 15 | E5: 1 | G5: Definir previo a setup
A6: PTV_VMD | B6: 4005 | C6: 267 | D6: 15 | E6: 1
A7: PTV_LN_D | B7: 4005 | C7: 267 | D7: 15 | E7: 1
A8: PTV_LUMP_I | B8: 4800 | C8: 320 | D8: 15 | E8: 1
A9: PTV_LUMP_D | B9: 4800 | C9: 320 | D9: 15 | E9: 1
A11: Tipo de Estructura | B11: Estructura | C11: Tipo de Constraint | D11: Ideal | E11: Valor ref aux (dvh) | F11: Aceptable | G11: Valor ref limite aceptable aux (dvh)
A12: target | B12: PTV_VMI | C12: V(D)>V_% | D12: 3885 | E12: 95 | F12: 3805 | G12: 95
C13: V(D)<V_% | D13: 4320 | E13: 50
C14: V(D)<V_% | D14: 4800 | E14: 35
B15: PTV_VMD | C15: V(D)>V_% | D15: 3885 | E15: 95 | F15: 3805 | G15: 95
C16: V(D)<V_% | D16: 4320 | E16: 50
C17: V(D)<V_% | D17: 4800 | E17: 35
B18: PTV_LN_D | C18: V(D)>V_% | D18: 3885 | E18: 95 | F18: 3805 | G18: 95
C19: Dmax | D19: 4285
B20: PTV_LUMP_I | C20: V(D)>V_% | D20: 4656 | E20: 95
C21: V(D)<V_% | D21: 5280 | E21: 5
C22: Dmax | D22: 5376
B23: PTV_LUMP_D | C23: V(D)>V_% | D23: 4656 | E23: 95
C24: V(D)<V_% | D24: 5280 | E24: 5
C25: Dmax | D25: 5376
A26: oar | B26: Pulmon_D | C26: V(D)<V_% | D26: 1800 | E26: 35 | F26: 1800 | G26: 40
B27: Pulmon_I | C27: V(D)<V_% | D27: 1200 | E27: 15 | F27: 1200 | G27: 20
C28: V(D)<V_% | D28: 800 | E28: 30 | F28: 800 | G28: 35
C29: V(D)<V_% | D29: 400 | E29: 40 | F29: 400 | G29: 55
B30: Corazon | C30: V(D)<V_% | D30: 2250 | E30: 2
C31: Dmedia | D31: 300 | F31: 500
B32: Medula | C32: Dmax | D32: 2003
B33: Humero_D | C33: Dmax | D33: 4000
B34: Humero_I | C34: Dmax | D34: 4000
B35: Tiroides | C35: V(D)<V_% | D35: 3750 | E35: 50
B36: Esofago | C36: V(D)<V_% | D36: 4005 | E36: 2 | F36: 4005 | G36: 5
C37: V(D)<V_% | D37: 3400 | E37: 50
B38: Paciente | C38: Dmax | D38: 5376
A47: Si es necesario agregar mas lineas de constraints, revisar el codigo. Hardcodeado hasta este valor de fila. RL

Sheet VMI+LN+CMI+BOOST INT
A2: Prescripción: | B2: VMI+LN+CMI+BOOST INT | D2: =IF($B$2=RIGHT(CELL("filename",$B$2),LEN(CELL("filename",$B$2))-FIND("]",CELL("filename",$B$2))), "Todo OK ", "No coincide nombre del template con nombre de Prescripción") -> Todo OK
A4: Estructura | B4: Dosis total (cGy) | C4: Dosis diaria (cGy) | D4: Nro de fx | E4: Nro de etapa | G4: Protocolo Imágenes
A5: PTV_VMI | B5: 4005 | C5: 267 | D5: 15 | E5: 1 | G5: CBCT primer día + CBCT semanal o 2 veces por semana sujeto a setup
A6: PTV_LN | B6: 4005 | C6: 267 | D6: 15 | E6: 1
A7: PTV_LUMP | B7: 4800 | C7: 320 | D7: 15 | E7: 1
A8: PTV_CMI | B8: 4005 | C8: 267 | D8: 15 | E8: 1
A11: Tipo de Estructura | B11: Estructura | C11: Tipo de Constraint | D11: Ideal | E11: Valor ref aux (dvh) | F11: Aceptable | G11: Valor ref limite aceptable aux (dvh)
A12: target | B12: PTV_VMI | C12: V(D)>V_% | D12: 3885 | E12: 95 | F12: 3805 | G12: 95
C13: V(D)<V_% | D13: 4320 | E13: 50
C14: V(D)<V_% | D14: 4800 | E14: 35
B15: PTV_LN | C15: V(D)>V_% | D15: 3805 | E15: 95
C16: Dmax | D16: 4285
B17: PTV_CMI | C17: V(D)>V_% | D17: 3805 | E17: 95
C18: Dmax | D18: 4285
B19: PTV_LUMP | C19: V(D)>V_% | D19: 4656 | E19: 95
C20: V(D)<V_% | D20: 5280 | E20: 5
A21: oar | C21: Dmax | D21: 5376
B22: Mama_D | C22: V(D)<V_% | D22: 300 | E22: 10 | F22: 500 | G22: 10
B23: Pulmon_I | C23: V(D)<V_% | D23: 1800 | E23: 35 | F23: 1800 | G23: 40
B24: Pulmon_D | C24: V(D)<V_% | D24: 480 | E24: 10 | F24: 480 | G24: 15
B25: Corazon | C25: V(D)<V_% | D25: 2250 | E25: 2
C26: Dmedia | D26: 300 | F26: 500
B27: Medula | C27: Dmax | D27: 2003
B28: Humero_I | C28: Dmax | D28: 4000
B29: Tiroides | C29: V(D)<V_% | D29: 3750 | E29: 50
B30: Esofago | C30: V(D)<V_% | D30: 4005 | E30: 2 | F30: 4005 | G30: 5
C31: V(D)<V_% | D31: 3400 | E31: 50
B32: Paciente | C32: Dmax | D32: 5136
A46: Si es necesario agregar mas lineas de constraints, revisar el codigo. Hardcodeado hasta este valor de fila. RL

Sheet VMD+LN+CMI+BOOST INT
A2: Prescripción: | B2: VMD+LN+CMI+BOOST INT | D2: =IF($B$2=RIGHT(CELL("filename",$B$2),LEN(CELL("filename",$B$2))-FIND("]",CELL("filename",$B$2))), "Todo OK ", "No coincide nombre del template con nombre de Prescripción") -> Todo OK
A4: Estructura | B4: Dosis total (cGy) | C4: Dosis diaria (cGy) | D4: Nro de fx | E4: Nro de etapa | G4: Protocolo Imágenes
A5: PTV_VMD | B5: 4005 | C5: 267 | D5: 15 | E5: 1 | G5: CBCT primer día + CBCT semanal o 2 veces por semana sujeto a setup
A6: PTV_LN | B6: 4005 | C6: 267 | D6: 15 | E6: 1
A7: PTV_LUMP | B7: 4800 | C7: 320 | D7: 15 | E7: 1
A8: PTV_CMI | B8: 4005 | C8: 267 | D8: 15 | E8: 1
A11: Tipo de Estructura | B11: Estructura | C11: Tipo de Constraint | D11: Ideal | E11: Valor ref aux (dvh) | F11: Aceptable | G11: Valor ref limite aceptable aux (dvh)
A12: target | B12: PTV_VMD | C12: V(D)>V_% | D12: 3885 | E12: 95 | F12: 3805 | G12: 95
C13: V(D)<V_% | D13: 4320 | E13: 50
C14: V(D)<V_% | D14: 4800 | E14: 35
B15: PTV_LN | C15: V(D)>V_% | D15: 3805 | E15: 95
C16: Dmax | D16: 4285
B17: PTV_CMI | C17: V(D)>V_% | D17: 3805 | E17: 95
C18: Dmax | D18: 4285
B19: PTV_LUMP | C19: V(D)>V_% | D19: 4656 | E19: 95
C20: V(D)<V_% | D20: 5280 | E20: 5
A21: oar | C21: Dmax | D21: 5376
B22: Mama_I | C22: V(D)<V_% | D22: 300 | E22: 10 | F22: 500 | G22: 10
B23: Pulmon_D | C23: V(D)<V_% | D23: 1800 | E23: 35 | F23: 1800 | G23: 40
B24: Pulmon_I | C24: V(D)<V_% | D24: 480 | E24: 10 | F24: 480 | G24: 15
B25: Corazon | C25: V(D)<V_% | D25: 2250 | E25: 2
C26: Dmedia | D26: 300 | F26: 500
B27: Medula | C27: Dmax | D27: 2003
B28: Humero_D | C28: Dmax | D28: 4000
B29: Tiroides | C29: V(D)<V_% | D29: 3750 | E29: 50
B30: Esofago | C30: V(D)<V_% | D30: 4005 | E30: 2 | F30: 4005 | G30: 5
C31: V(D)<V_% | D31: 3400 | E31: 50
B32: Higado | C32: V(D)<V_% | D32: 1500 | E32: 3
C33: Dmedia | D33: 500
B34: Paciente | C34: Dmax | D34: 5136
A46: Si es necesario agregar mas lineas de constraints, revisar el codigo. Hardcodeado hasta este valor de fila. RL

Sheet LECHO_I
A2: Prescripción: | B2: LECHO_I | D2: =IF($B$2=RIGHT(CELL("filename",$B$2),LEN(CELL("filename",$B$2))-FIND("]",CELL("filename",$B$2))), "Todo OK ", "No coincide nombre del template con nombre de Prescripción") -> Todo OK
A4: Estructura | B4: Dosis total (cGy) | C4: Dosis diaria (cGy) | D4: Nro de fx | E4: Nro de etapa | G4: Protocolo Imágenes
A5: PTV_LECHO_I | B5: 4005 | C5: 267 | D5: =LECHO_I!$B5/LECHO_I!$C5 -> 15 | E5: 1 | G5: Tg interno + Tg externo - Semanal
A7: Tipo de Estructura | B7: Estructura | C7: Tipo de Constraint | D7: Ideal | E7: Valor ref aux (dvh) | F7: Aceptable | G7: Valor ref limite aceptable aux (dvh)
A8: target | B8: PTV_LECHO_I | C8: V(D)>V_% | D8: 3885 | E8: 95 | F8: 3805 | G8: 95
C9: Dmax | D9: 4285
A10: oar | B10: Mama_D | C10: Dmax | D10: 240 | F10: 384
C11: V(D)<V_% | D11: 144 | E11: 5 | F11: 240 | G11: 5
B12: Pulmon_I | C12: V(D)<V_% | D12: 1200 | E12: 15 | F12: 1200 | G12: 20
C13: V(D)<V_% | D13: 800 | E13: 30 | F13: 800 | G13: 35
C14: V(D)<V_% | D14: 400 | E14: 40 | F14: 400 | G14: 55
B15: Pulmon_D | C15: V(D)<V_% | D15: 400 | E15: 10
B16: Corazon | C16: V(D)<V_% | D16: 1600 | E16: 5
C17: V(D)<V_% | D17: 800 | E17: 30
C18: Dmedia | D18: 320 | F18: 400
B19: Paciente | C19: Dmax | D19: 4285
A46: Si es necesario agregar mas lineas de constraints, revisar el codigo. Hardcodeado hasta este valor de fila. RL

Sheet LECHO_D
A2: Prescripción: | B2: LECHO_D | D2: =IF($B$2=RIGHT(CELL("filename",$B$2),LEN(CELL("filename",$B$2))-FIND("]",CELL("filename",$B$2))), "Todo OK ", "No coincide nombre del template con nombre de Prescripción") -> Todo OK
A4: Estructura | B4: Dosis total (cGy) | C4: Dosis diaria (cGy) | D4: Nro de fx | E4: Nro de etapa | G4: Protocolo Imágenes
A5: PTV_LECHO_D | B5: 4005 | C5: 267 | D5: =LECHO_D!$B5/LECHO_D!$C5 -> 15 | E5: 1 | G5: Tg interno + Tg externo - Semanal
A7: Tipo de Estructura | B7: Estructura | C7: Tipo de Constraint | D7: Ideal | E7: Valor ref aux (dvh) | F7: Aceptable | G7: Valor ref limite aceptable aux (dvh)
A8: target | B8: PTV_LECHO_D | C8: V(D)>V_% | D8: 3885 | E8: 95 | F8: 3805 | G8: 95
C9: Dmax | D9: 4285
A10: oar | B10: Mama_I | C10: Dmax | D10: 240 | F10: 384
C11: V(D)<V_% | D11: 144 | E11: 5 | F11: 240 | G11: 5
B12: Pulmon_D | C12: V(D)<V_% | D12: 1200 | E12: 15 | F12: 1200 | G12: 20
C13: V(D)<V_% | D13: 800 | E13: 30 | F13: 800 | G13: 35
C14: V(D)<V_% | D14: 400 | E14: 40 | F14: 400 | G14: 55
B15: Pulmon_I | C15: V(D)<V_% | D15: 400 | E15: 10
B16: Corazon | C16: V(D)<V_% | D16: 1600 | E16: 5
C17: V(D)<V_% | D17: 800 | E17: 30
C18: Dmedia | D18: 320 | F18: 400
B19: Higado | C19: V(D)<V_% | D19: 1500 | E19: 3
C20: Dmedia | D20: 500
B21: Paciente | C21: Dmax | D21: 4285
A46: Si es necesario agregar mas lineas de constraints, revisar el codigo. Hardcodeado hasta este valor de fila. RL

Sheet LECHO_I+LN
A2: Prescripción: | B2: LECHO_I+LN | D2: =IF($B$2=RIGHT(CELL("filename",$B$2),LEN(CELL("filename",$B$2))-FIND("]",CELL("filename",$B$2))), "Todo OK ", "No coincide nombre del template con nombre de Prescripción") -> Todo OK
A4: Estructura | B4: Dosis total (cGy) | C4: Dosis diaria (cGy) | D4: Nro de fx | E4: Nro de etapa | G4: Protocolo Imágenes
A5: PTV_LECHO_I | B5: 4005 | C5: 267 | D5: =B5/C5 -> 15 | E5: 1 | G5: CBCT primer día + CBCT semanal o 2 veces por semana sujeto a setup
A6: PTV_LN | B6: 4005 | C6: 267 | D6: =B6/C6 -> 15 | E6: 1
A9: Tipo de Estructura | B9: Estructura | C9: Tipo de Constraint | D9: Ideal | E9: Valor ref aux (dvh) | F9: Aceptable | G9: Valor ref limite aceptable aux (dvh)
A10: target | B10: PTV_LECHO_I | C10: V(D)>V_% | D10: 3885 | E10: 95 | F10: 3805 | G10: 95
C11: Dmax | D11: 4285
B12: PTV_LN | C12: V(D)>V_% | D12: 3805 | E12: 95
C13: Dmax | D13: 4285
A14: oar | B14: Mama_D | C14: V(D)<V_% | D14: 300 | E14: 10 | F14: 500 | G14: 10
B15: Pulmon_I | C15: V(D)<V_% | D15: 1800 | E15: 35 | F15: 1800 | G15: 40
B16: Pulmon_D | C16: V(D)<V_% | D16: 480 | E16: 10 | F16: 480 | G16: 15
B17: Corazon | C17: V(D)<V_% | D17: 2250 | E17: 2
C18: Dmedia | D18: 300 | F18: 500
B19: Medula | C19: Dmax | D19: 2003
B20: Humero_I | C20: Dmax | D20: 4000
B21: Tiroides | C21: V(D)<V_% | D21: 3750 | E21: 50
B22: Esofago | C22: V(D)<V_% | D22: 4005 | E22: 2 | F22: 4005 | G22: 5
C23: V(D)<V_% | D23: 3400 | E23: 50
B24: Paciente | C24: Dmax | D24: 4285
A46: Si es necesario agregar mas lineas de constraints, revisar el codigo. Hardcodeado hasta este valor de fila. RL

Sheet LECHO_D+LN
A2: Prescripción: | B2: LECHO_D+LN | D2: =IF($B$2=RIGHT(CELL("filename",$B$2),LEN(CELL("filename",$B$2))-FIND("]",CELL("filename",$B$2))), "Todo OK ", "No coincide nombre del template con nombre de Prescripción") -> Todo OK
A4: Estructura | B4: Dosis total (cGy) | C4: Dosis diaria (cGy) | D4: Nro de fx | E4: Nro de etapa | G4: Protocolo Imágenes
A5: PTV_LECHO_D | B5: 4005 | C5: 267 | D5: =B5/C5 -> 15 | E5: 1 | G5: CBCT primer día + CBCT semanal o 2 veces por semana sujeto a setup
A6: PTV_LN | B6: 4005 | C6: 267 | D6: =B6/C6 -> 15 | E6: 1
A9: Tipo de Estructura | B9: Estructura | C9: Tipo de Constraint | D9: Ideal | E9: Valor ref aux (dvh) | F9: Aceptable | G9: Valor ref limite aceptable aux (dvh)
A10: target | B10: PTV_LECHO_D | C10: V(D)>V_% | D10: 3885 | E10: 95 | F10: 3805 | G10: 95
C11: Dmax | D11: 4285
B12: PTV_LN | C12: V(D)>V_% | D12: 3805 | E12: 95
C13: Dmax | D13: 4285
A14: oar | B14: Mama_I | C14: V(D)<V_% | D14: 300 | E14: 10 | F14: 500 | G14: 10
B15: Pulmon_D | C15: V(D)<V_% | D15: 1800 | E15: 35 | F15: 1800 | G15: 40
B16: Pulmon_I | C16: V(D)<V_% | D16: 480 | E16: 10 | F16: 480 | G16: 15
B17: Corazon | C17: V(D)<V_% | D17: 2250 | E17: 2
C18: Dmedia | D18: 300 | F18: 500
B19: Medula | C19: Dmax | D19: 2003
B20: Humero_D | C20: Dmax | D20: 4000
B21: Tiroides | C21: V(D)<V_% | D21: 3750 | E21: 50
B22: Esofago | C22: V(D)<V_% | D22: 4005 | E22: 2 | F22: 4005 | G22: 5
C23: V(D)<V_% | D23: 3400 | E23: 50
B24: Higado | C24: V(D)<V_% | D24: 1500 | E24: 3
C25: Dmedia | D25: 500
B26: Paciente | C26: Dmax | D26: 4285
A46: Si es necesario agregar mas lineas de constraints, revisar el codigo. Hardcodeado hasta este valor de fila. RL

Sheet LECHO_I+LN+CMI
A2: Prescripción: | B2: LECHO_I+LN+CMI | D2: =IF($B$2=RIGHT(CELL("filename",$B$2),LEN(CELL("filename",$B$2))-FIND("]",CELL("filename",$B$2))), "Todo OK ", "No coincide nombre del template con nombre de Prescripción") -> Todo OK
A4: Estructura | B4: Dosis total (cGy) | C4: Dosis diaria (cGy) | D4: Nro de fx | E4: Nro de etapa | G4: Protocolo Imágenes
A5: PTV_LECHO_I | B5: 4005 | C5: 267 | D5: 15 | E5: 1 | G5: CBCT primer día + CBCT semanal o 2 veces por semana sujeto a setup
A6: PTV_LN | B6: 4005 | C6: 267 | D6: 15 | E6: 1
A7: PTV_CMI | B7: 4005 | C7: 267 | D7: 15 | E7: 1
A10: Tipo de Estructura | B10: Estructura | C10: Tipo de Constraint | D10: Ideal | E10: Valor ref aux (dvh) | F10: Aceptable | G10: Valor ref limite aceptable aux (dvh)
A11: target | B11: PTV_LECHO_I | C11: V(D)>V_% | D11: 3885 | E11: 95 | F11: 3805 | G11: 95
C12: Dmax | D12: 4285
B13: PTV_LN | C13: V(D)>V_% | D13: 3805 | E13: 95
C14: Dmax | D14: 4285
B15: PTV_CMI | C15: V(D)>V_% | D15: 3805 | E15: 95
C16: Dmax | D16: 4285
A17: oar | B17: Mama_D | C17: V(D)<V_% | D17: 300 | E17: 10 | F17: 500 | G17: 10
B18: Pulmon_I | C18: V(D)<V_% | D18: 1800 | E18: 35 | F18: 1800 | G18: 40
B19: Pulmon_D | C19: V(D)<V_% | D19: 480 | E19: 10 | F19: 480 | G19: 15
B20: Corazon | C20: V(D)<V_% | D20: 2250 | E20: 2
C21: Dmedia | D21: 300 | F21: 500
B22: Medula | C22: Dmax | D22: 2003
B23: Humero_I | C23: Dmax | D23: 4000
B24: Esofago | C24: V(D)<V_% | D24: 4005 | E24: 2 | F24: 4005 | G24: 5
C25: V(D)<V_% | D25: 3400 | E25: 50
B26: Paciente | C26: Dmax | D26: 4285
A46: Si es necesario agregar mas lineas de constraints, revisar el codigo. Hardcodeado hasta este valor de fila. RL

Sheet LECHO_D+LN+CMI
A2: Prescripción: | B2: LECHO_D+LN+CMI | D2: =IF($B$2=RIGHT(CELL("filename",$B$2),LEN(CELL("filename",$B$2))-FIND("]",CELL("filename",$B$2))), "Todo OK ", "No coincide nombre del template con nombre de Prescripción") -> Todo OK
A4: Estructura | B4: Dosis total (cGy) | C4: Dosis diaria (cGy) | D4: Nro de fx | E4: Nro de etapa | G4: Protocolo Imágenes
A5: PTV_LECHO_D | B5: 4005 | C5: 267 | D5: 15 | E5: 1 | G5: CBCT primer día + CBCT semanal o 2 veces por semana sujeto a setup
A6: PTV_LN | B6: 4005 | C6: 267 | D6: 15 | E6: 1
A7: PTV_CMI | B7: 4005 | C7: 267 | D7: 15 | E7: 1
A10: Tipo de Estructura | B10: Estructura | C10: Tipo de Constraint | D10: Ideal | E10: Valor ref aux (dvh) | F10: Aceptable | G10: Valor ref limite aceptable aux (dvh)
A11: target | B11: PTV_LECHO_D | C11: V(D)>V_% | D11: 3885 | E11: 95 | F11: 3805 | G11: 95
C12: Dmax | D12: 4285
B13: PTV_LN | C13: V(D)>V_% | D13: 3805 | E13: 95
C14: Dmax | D14: 4285
B15: PTV_CMI | C15: V(D)>V_% | D15: 3805 | E15: 95
C16: Dmax | D16: 4285
A17: oar | B17: Mama_I | C17: V(D)<V_% | D17: 300 | E17: 10 | F17: 500 | G17: 10
B18: Pulmon_D | C18: V(D)<V_% | D18: 1800 | E18: 35 | F18: 1800 | G18: 40
B19: Pulmon_I | C19: V(D)<V_% | D19: 480 | E19: 10 | F19: 480 | G19: 15
B20: Corazon | C20: V(D)<V_% | D20: 2250 | E20: 2
C21: Dmedia | D21: 300 | F21: 500
B22: Medula | C22: Dmax | D22: 2003
B23: Humero_D | C23: Dmax | D23: 4000
B24: Tiroides | C24: V(D)<V_% | D24: 3750 | E24: 50
B25: Esofago | C25: V(D)<V_% | D25: 4005 | E25: 2 | F25: 4005 | G25: 5
C26: V(D)<V_% | D26: 3400 | E26: 50
B27: Higado | C27: V(D)<V_% | D27: 1500 | E27: 3
C28: Dmedia | D28: 500
B29: Paciente | C29: Dmax | D29: 4285
A46: Si es necesario agregar mas lineas de constraints, revisar el codigo. Hardcodeado hasta este valor de fila. RL

Sheet APBI MAMA_D
A2: Prescripción: | B2: APBI MAMA_D | D2: =IF($B$2=RIGHT(CELL("filename",$B$2),LEN(CELL("filename",$B$2))-FIND("]",CELL("filename",$B$2))), "Todo OK ", "No coincide nombre del template con nombre de Prescripción") -> Todo OK
A4: Estructura | B4: Dosis total (cGy) | C4: Dosis diaria (cGy) | D4: Nro de fx | E4: Nro de etapa | G4: Protocolo Imágenes
A5: PTV | B5: 3000 | C5: 600 | D5: ='APBI MAMA_D'!$B5/'APBI MAMA_D'!$C5 -> 5 | E5: 1 | G5: CBCT diario (SRS/SBRT)
A7: Tipo de Estructura | B7: Estructura | C7: Tipo de Constraint | D7: Ideal | E7: Valor ref aux (dvh) | F7: Aceptable | G7: Valor ref limite aceptable aux (dvh)
A8: target | B8: PTV | C8: V(D)>V_% | D8: 2940 | E8: 95 | F8: 2850 | G8: 95
C9: Dmax | D9: 3300
A10: oar | B10: Corazon | C10: V(D)<V_cc | D10: 500 | E10: 0.03 | F10: 1000 | G10: 0.1
C11: Dmedia | D11: 100
B12: Pulmon_D | C12: V(D)<V_% | D12: 1000 | E12: 5
C13: V(D)<V_cc | D13: 1500 | E13: 0.1
C14: Dmedia | D14: 300
B15: Pulmon_I | C15: Dmedia | D15: 100
B16: Mama_D-PTV | C16: V(D)<V_% | D16: 1500 | E16: 40
C17: V(D)<V_% | D17: 3000 | E17: 20 | F17: 3000 | G17: 25
C18: Dmedia | D18: 1200
B19: Mama_I | C19: Dmedia | D19: 100
C20: Dmax | D20: 300
B21: Piel | C21: V(D)<V_cc | D21: 3000 | E21: 0.2
C22: V(D)<V_cc | D22: 2700 | E22: 1
C23: V(D)<V_% | D23: 2400 | E23: 5
B24: Costillas | C24: V(D)<V_cc | D24: 3000 | E24: 0.1
C25: V(D)<V_cc | D25: 2700 | E25: 1
C26: Dmax | D26: 3200
B27: Paciente | C27: Dmax | D27: 3300
A46: Si es necesario agregar mas lineas de constraints, revisar el codigo. Hardcodeado hasta este valor de fila. RL

Sheet APBI MAMA_I
A2: Prescripción: | B2: APBI MAMA_I | D2: =IF($B$2=RIGHT(CELL("filename",$B$2),LEN(CELL("filename",$B$2))-FIND("]",CELL("filename",$B$2))), "Todo OK ", "No coincide nombre del template con nombre de Prescripción") -> Todo OK
A4: Estructura | B4: Dosis total (cGy) | C4: Dosis diaria (cGy) | D4: Nro de fx | E4: Nro de etapa | G4: Protocolo Imágenes
A5: PTV | B5: 3000 | C5: 600 | D5: ='APBI MAMA_I'!$B5/'APBI MAMA_I'!$C5 -> 5 | E5: 1 | G5: CBCT diario (SRS/SBRT)
A7: Tipo de Estructura | B7: Estructura | C7: Tipo de Constraint | D7: Ideal | E7: Valor ref aux (dvh) | F7: Aceptable | G7: Valor ref limite aceptable aux (dvh)
A8: target | B8: PTV | C8: V(D)>V_% | D8: 2940 | E8: 95 | F8: 2850 | G8: 95
C9: Dmax | D9: 3300
A10: oar | B10: Corazon | C10: V(D)<V_cc | D10: 500 | E10: 0.03 | F10: 1000 | G10: 0.1
C11: Dmedia | D11: 100
B12: Pulmon_I | C12: V(D)<V_% | D12: 1000 | E12: 5
C13: V(D)<V_cc | D13: 1500 | E13: 0.1
C14: Dmedia | D14: 300
B15: Pulmon_D | C15: Dmedia | D15: 100
B16: Mama_I-PTV | C16: V(D)<V_% | D16: 1500 | E16: 40
C17: V(D)<V_% | D17: 3000 | E17: 20 | F17: 3000 | G17: 25
C18: Dmedia | D18: 1200
B19: Mama_D | C19: Dmedia | D19: 100
C20: Dmax | D20: 300
B21: Piel | C21: V(D)<V_cc | D21: 3000 | E21: 0.2
C22: V(D)<V_cc | D22: 2700 | E22: 1
C23: V(D)<V_% | D23: 2400 | E23: 5
B24: Costillas | C24: V(D)<V_cc | D24: 3000 | E24: 0.1
C25: V(D)<V_cc | D25: 2700 | E25: 1
C26: Dmax | D26: 3200
B27: Paciente | C27: Dmax | D27: 3300
A46: Si es necesario agregar mas lineas de constraints, revisar el codigo. Hardcodeado hasta este valor de fila. RL

Sheet VEJIGA+LN 5500-20FX
A2: Prescripción: | B2: VEJIGA+LN 5500-20FX | D2: =IF($B$2=RIGHT(CELL("filename",$B$2),LEN(CELL("filename",$B$2))-FIND("]",CELL("filename",$B$2))), "Todo OK ", "No coincide nombre del template con nombre de Prescripción") -> Todo OK
A4: Estructura | B4: Dosis total (cGy) | C4: Dosis diaria (cGy) | D4: Nro de fx | E4: Nro de etapa | G4: Protocolo Imágenes
A5: PTV_T | B5: 5500 | C5: 275 | D5: ='VEJIGA+LN 5500-20FX'!$B5/'VEJIGA+LN 5500-20FX'!$C5 -> 20 | E5: 1 | G5: CBCT diario + CBCT primeros 3 días representativos para promedios
A6: PTV_LN | B6: 4500 | C6: 225 | D6: ='VEJIGA+LN 5500-20FX'!$B6/'VEJIGA+LN 5500-20FX'!$C6 -> 20 | E6: 1
A8: Tipo de Estructura | B8: Estructura | C8: Tipo de Constraint | D8: Ideal | E8: Valor ref aux (dvh) | F8: Aceptable | G8: Valor ref limite aceptable aux (dvh)
A9: target | B9: PTV_T | C9: V(D)>V_% | D9: 5390 | E9: 95
C10: Dmax | D10: 5885
B11: PTV_LN | C11: V(D)>V_% | D11: 4410 | E11: 95
A12: oar | B12: Recto | C12: V(D)<V_% | D12: 5500 | E12: 1 | F12: 5500 | G12: 5
C13: V(D)<V_% | D13: 4700 | E13: 10 | F13: 4700 | G13: 15
C14: V(D)<V_% | D14: 5000 | E14: 22
C15: V(D)<V_% | D15: 4000 | E15: 38
C16: V(D)<V_% | D16: 2600 | E16: 50 | F16: 2600 | G16: 55
C17: V(D)<V_% | D17: 3000 | E17: 57
C18: V(D)<V_% | D18: 2000 | E18: 85
C19: Dmedia | D19: 3500
B20: Sigma | C20: Dmax | D20: 5000
B21: Intestinos | C21: Dmax | D21: 4950 | F21: 5300
C22: V(D)<V_cc | D22: 4300 | E22: 15 | F22: 4300 | G22: 20
C23: V(D)<V_cc | D23: 3900 | E23: 100 | F23: 3900 | G23: 120
C24: V(D)<V_cc | D24: 3500 | E24: 130 | F24: 3500 | G24: 150
C25: V(D)<V_cc | D25: 2600 | E25: 150 | F25: 2600 | G25: 170
B26: Bulbo_Peneano | C26: V(D)<V_% | D26: 2200 | E26: 50
B27: Femur_I | C27: V(D)<V_% | D27: 3500 | E27: 5
C28: Dmax | D28: 4300 | F28: 4700
B29: Femur_D | C29: V(D)<V_% | D29: 3500 | E29: 5
C30: Dmax | D30: 4300 | F30: 4700
B31: Cauda_Equina | C31: Dmax | D31: 4000
A46: Si es necesario agregar mas lineas de constraints, revisar el codigo. Hardcodeado hasta este valor de fila. RL

Sheet PR 6000-20FX
A2: Prescripción: | B2: PR 6000-20FX | D2: =IF($B$2=RIGHT(CELL("filename",$B$2),LEN(CELL("filename",$B$2))-FIND("]",CELL("filename",$B$2))), "Todo OK ", "No coincide nombre del template con nombre de Prescripción") -> Todo OK
A4: Estructura | B4: Dosis total (cGy) | C4: Dosis diaria (cGy) | D4: Nro de fx | E4: Nro de etapa | G4: Protocolo Imágenes
A5: PTV_PR | B5: 6000 | C5: 300 | D5: ='PR 6000-20FX'!$B5/'PR 6000-20FX'!$C5 -> 20 | E5: 1 | G5: CBCT diario + CBCT primeros 3 días representativos para promedios
A7: Tipo de Estructura | B7: Estructura | C7: Tipo de Constraint | D7: Ideal | E7: Valor ref aux (dvh) | F7: Aceptable | G7: Valor ref limite aceptable aux (dvh)
A8: target | B8: PTV_PR | C8: V(D)>V_% | D8: 5880 | E8: 95
C9: Dmax | D9: 6420
B10: PTV_VS | C10: V(D)>V_% | D10: 5880 | E10: 95
C11: Dmax | D11: 6420
A12: oar | B12: Recto | C12: V(D)<V_% | D12: 6000 | E12: 1 | F12: 6000 | G12: 10
C13: V(D)<V_% | D13: 5000 | E13: 22
C14: V(D)<V_% | D14: 4000 | E14: 38
C15: V(D)<V_% | D15: 3000 | E15: 57
B16: Vejiga | C16: V(D)<V_% | D16: 6000 | E16: 3 | F16: 6000 | G16: 10
C17: V(D)<V_% | D17: 4800 | E17: 25
C18: V(D)<V_% | D18: 4000 | E18: 50
B19: Bulbo_Peneano | C19: V(D)<V_% | D19: 2200 | E19: 50
B20: Femur_I | C20: V(D)<V_% | D20: 3500 | E20: 5
C21: Dmax | D21: 3700
B22: Femur_D | C22: V(D)<V_% | D22: 3500 | E22: 5
C23: Dmax | D23: 3700
B24: Isquion | C24: V(D)<V_% | D24: 5700 | E24: 20
B25: Pene | C25: V(D)<V_cc | D25: 2600 | E25: 1
A46: Si es necesario agregar mas lineas de constraints, revisar el codigo. Hardcodeado hasta este valor de fila. RL

Sheet PR+VS 6000-20FX
A2: Prescripción: | B2: PR+VS 6000-20FX | D2: =IF($B$2=RIGHT(CELL("filename",$B$2),LEN(CELL("filename",$B$2))-FIND("]",CELL("filename",$B$2))), "Todo OK ", "No coincide nombre del template con nombre de Prescripción") -> Todo OK
A4: Estructura | B4: Dosis total (cGy) | C4: Dosis diaria (cGy) | D4: Nro de fx | E4: Nro de etapa | G4: Protocolo Imágenes
A5: PTV_PR | B5: 6000 | C5: 300 | D5: ='PR+VS 6000-20FX'!$B5/'PR+VS 6000-20FX'!$C5 -> 20 | E5: 1 | G5: CBCT diario + CBCT primeros 3 días representativos para promedios
A6: PTV_VS | B6: 6000 | C6: 300 | D6: ='PR+VS 6000-20FX'!$B6/'PR+VS 6000-20FX'!$C6 -> 20 | E6: 1
A8: Tipo de Estructura | B8: Estructura | C8: Tipo de Constraint | D8: Ideal | E8: Valor ref aux (dvh) | F8: Aceptable | G8: Valor ref limite aceptable aux (dvh)
A9: target | B9: PTV_PR | C9: V(D)>V_% | D9: 5880 | E9: 95
C10: Dmax | D10: 6420
B11: PTV_VS | C11: V(D)>V_% | D11: 5880 | E11: 95
C12: Dmax | D12: 6420
A13: oar | B13: Recto | C13: V(D)<V_% | D13: 6000 | E13: 1 | F13: 6000 | G13: 5
C14: V(D)<V_% | D14: 5000 | E14: 22
C15: V(D)<V_% | D15: 4000 | E15: 38
C16: V(D)<V_% | D16: 3000 | E16: 57
C17: V(D)<V_% | D17: 2000 | E17: 85
C18: Dmedia | D18: 3500
B19: Vejiga | C19: V(D)<V_% | D19: 6000 | E19: 3 | F19: 6000 | G19: 5
C20: V(D)<V_% | D20: 5680 | E20: 5
C21: V(D)<V_% | D21: 4800 | E21: 25
C22: V(D)<V_% | D22: 4000 | E22: 50
C23: Dmedia | D23: 4500
B24: Bulbo_Peneano | C24: V(D)<V_% | D24: 2200 | E24: 50
B25: Femur_I | C25: V(D)<V_% | D25: 3500 | E25: 5
B26: Femur_D | C26: V(D)<V_% | D26: 3500 | E26: 5
B27: Cauda_Equina | C27: Dmax | D27: 4000
B28: Intestinos | C28: Dmax | D28: 4600
C29: V(D)<V_cc | D29: 3700 | E29: 90
C30: V(D)<V_cc | D30: 3300 | E30: 130
B31: Sigma | C31: Dmax | D31: 5000
A46: Si es necesario agregar mas lineas de constraints, revisar el codigo. Hardcodeado hasta este valor de fila. RL

Sheet PR+VS+LN 6000-20FX
A2: Prescripción: | B2: PR+VS+LN 6000-20FX | D2: =IF($B$2=RIGHT(CELL("filename",$B$2),LEN(CELL("filename",$B$2))-FIND("]",CELL("filename",$B$2))), "Todo OK ", "No coincide nombre del template con nombre de Prescripción") -> Todo OK
A4: Estructura | B4: Dosis total (cGy) | C4: Dosis diaria (cGy) | D4: Nro de fx | E4: Nro de etapa | G4: Protocolo Imágenes
A5: PTV_PR | B5: 6000 | C5: 300 | D5: ='PR+VS+LN 6000-20FX'!$B5/'PR+VS+LN 6000-20FX'!$C5 -> 20 | E5: 1 | G5: CBCT diario + CBCT primeros 3 días representativos para promedios
A6: PTV_VS | B6: 6000 | C6: 300 | D6: ='PR+VS+LN 6000-20FX'!$B6/'PR+VS+LN 6000-20FX'!$C6 -> 20 | E6: 1
A7: PTV_LN | B7: 4400 | C7: 220 | D7: 20 | E7: 1
A9: Tipo de Estructura | B9: Estructura | C9: Tipo de Constraint | D9: Ideal | E9: Valor ref aux (dvh) | F9: Aceptable | G9: Valor ref limite aceptable aux (dvh)
A10: target | B10: PTV_PR | C10: V(D)>V_% | D10: 5880 | E10: 95 | F10: 5700 | G10: 95
C11: Dmax | D11: 6420
B12: PTV_VS | C12: V(D)>V_% | D12: 5880 | E12: 95 | F12: 5700 | G12: 95
C13: Dmax | D13: 6420
B14: PTV_LN | C14: V(D)>V_% | D14: 4268 | E14: 95 | F14: 4180 | G14: 95
A15: oar | B15: Recto | C15: V(D)<V_% | D15: 6000 | E15: 1 | F15: 6000 | G15: 3
C16: V(D)<V_% | D16: 5000 | E16: 22
C17: V(D)<V_% | D17: 4000 | E17: 38
C18: V(D)<V_% | D18: 3000 | E18: 57
C19: V(D)<V_% | D19: 2000 | E19: 85
C20: Dmedia | D20: 3500
B21: Vejiga | C21: V(D)<V_% | D21: 6000 | E21: 3 | F21: 6000 | G21: 5
C22: V(D)<V_% | D22: 5680 | E22: 5
C23: V(D)<V_% | D23: 4800 | E23: 25
C24: V(D)<V_% | D24: 4000 | E24: 50
C25: Dmedia | D25: 4500
B26: Bulbo_Peneano | C26: V(D)<V_% | D26: 2200 | E26: 50
B27: Femur_I | C27: V(D)<V_% | D27: 3500 | E27: 5
B28: Femur_D | C28: V(D)<V_% | D28: 3500 | E28: 5
B29: Cauda_Equina | C29: Dmax | D29: 4000
B30: Intestinos | C30: Dmax | D30: 4600
C31: V(D)<V_cc | D31: 3700 | E31: 90
C32: V(D)<V_cc | D32: 3300 | E32: 130
B33: Sigma | C33: Dmax | D33: 5000
A46: Si es necesario agregar mas lineas de constraints, revisar el codigo. Hardcodeado hasta este valor de fila. RL

Sheet PR+VS+LN 7020-27FX
A2: Prescripción: | B2: PR+VS+LN 7020-27FX | D2: =IF($B$2=RIGHT(CELL("filename",$B$2),LEN(CELL("filename",$B$2))-FIND("]",CELL("filename",$B$2))), "Todo OK ", "No coincide nombre del template con nombre de Prescripción") -> Todo OK
A4: Estructura | B4: Dosis total (cGy) | C4: Dosis diaria (cGy) | D4: Nro de fx | E4: Nro de etapa | G4: Protocolo Imágenes
A5: PTV_PR | B5: 7020 | C5: 260 | D5: ='PR+VS+LN 7020-27FX'!$B5/'PR+VS+LN 7020-27FX'!$C5 -> 27 | E5: 1 | G5: CBCT primeros 3 dias representativos para promedios + 1 por semana
A6: PTV_VS | B6: 7020 | C6: 260 | D6: ='PR+VS+LN 7020-27FX'!$B6/'PR+VS+LN 7020-27FX'!$C6 -> 27 | E6: 1
A7: PTV_LN | B7: 4860 | C7: 180 | D7: ='PR+VS+LN 7020-27FX'!$B7/'PR+VS+LN 7020-27FX'!$C7 -> 27 | E7: 1
A9: Tipo de Estructura | B9: Estructura | C9: Tipo de Constraint | D9: Ideal | E9: Valor ref aux (dvh) | F9: Aceptable | G9: Valor ref limite aceptable aux (dvh)
A10: target | B10: PTV_PR | C10: V(D)>V_% | D10: 6880 | E10: 95
C11: Dmax | D11: 7511
B12: PTV_VS | C12: V(D)>V_% | D12: 6880 | E12: 95
C13: Dmax | D13: 7511
B14: PTV_LN | C14: V(D)>V_% | D14: 4763 | E14: 95
A15: oar | B15: Recto | C15: V(D)<V_% | D15: 7000 | E15: 10 | F15: 7000 | G15: 20
C16: V(D)<V_% | D16: 6500 | E16: 25
C17: V(D)<V_% | D17: 6000 | E17: 35
C18: V(D)<V_% | D18: 5300 | E18: 35
C19: V(D)<V_% | D19: 4500 | E19: 50
C20: V(D)<V_% | D20: 4000 | E20: 40
B21: Vejiga | C21: V(D)<V_% | D21: 7000 | E21: 10 | F21: 7000 | G21: 20
C22: V(D)<V_% | D22: 6000 | E22: 30
C23: V(D)<V_% | D23: 4500 | E23: 50
B24: Intestinos | C24: V(D)<V_cc | D24: 5000 | E24: 1 | F24: 5000 | G24: 100
C25: V(D)<V_cc | D25: 4500 | E25: 150 | F25: 4500 | G25: 250
C26: V(D)<V_cc | D26: 4000 | E26: 350
C27: V(D)<V_cc | D27: 3900 | E27: 195
C28: V(D)<V_cc | D28: 3000 | E28: 500
B29: Bulbo_Peneano | C29: V(D)<V_% | D29: 4400 | E29: 50
C30: Dmedia | D30: 5000
B31: Femur_I | C31: V(D)<V_% | D31: 5000 | E31: 5 | F31: 5000 | G31: 10
B32: Femur_D | C32: V(D)<V_% | D32: 5000 | E32: 5 | F32: 5000 | G32: 10
B33: Pene | C33: V(D)<V_cc | D33: 3000 | E33: 1
B34: Cauda_Equina | C34: Dmax | D34: 5000
A46: Si es necesario agregar mas lineas de constraints, revisar el codigo. Hardcodeado hasta este valor de fila. RL

Sheet PR+VS+LN+LNpos 7020-27FX
A2: Prescripción: | B2: PR+VS+LN+LNpos 7020-27FX | D2: =IF($B$2=RIGHT(CELL("filename",$B$2),LEN(CELL("filename",$B$2))-FIND("]",CELL("filename",$B$2))), "Todo OK ", "No coincide nombre del template con nombre de Prescripción") -> Todo OK
A4: Estructura | B4: Dosis total (cGy) | C4: Dosis diaria (cGy) | D4: Nro de fx | E4: Nro de etapa | G4: Protocolo Imágenes
A5: PTV_PR | B5: 7020 | C5: 260 | D5: ='PR+VS+LN+LNpos 7020-27FX'!$B5/'PR+VS+LN+LNpos 7020-27FX'!$C5 -> 27 | E5: 1 | G5: CBCT primeros 3 dias representativos para promedios + 1 por semana
A6: PTV_VS | B6: 7020 | C6: 260 | D6: ='PR+VS+LN+LNpos 7020-27FX'!$B6/'PR+VS+LN+LNpos 7020-27FX'!$C6 -> 27 | E6: 1
A7: PTV_LNpos | B7: 5994 | C7: 222 | D7: ='PR+VS+LN+LNpos 7020-27FX'!$B7/'PR+VS+LN+LNpos 7020-27FX'!$C7 -> 27 | E7: 1
A8: PTV_LN | B8: 4860 | C8: 180 | D8: =B8/C8 -> 27 | E8: 1
A10: Tipo de Estructura | B10: Estructura | C10: Tipo de Constraint | D10: Ideal | E10: Valor ref aux (dvh) | F10: Aceptable | G10: Valor ref limite aceptable aux (dvh)
A11: target | B11: PTV_PR | C11: V(D)>V_% | D11: 6880 | E11: 95
C12: Dmax | D12: 7511
B13: PTV_VS | C13: V(D)>V_% | D13: 6880 | E13: 95
C14: Dmax | D14: 7511
B15: PTV_LNpos | C15: V(D)>V_% | D15: 5874 | E15: 95
B16: PTV_LN | C16: V(D)>V_% | D16: 4763 | E16: 95
A17: oar | B17: Recto | C17: V(D)<V_% | D17: 7000 | E17: 10 | F17: 7000 | G17: 20
C18: V(D)<V_% | D18: 6500 | E18: 25
C19: V(D)<V_% | D19: 6000 | E19: 35
C20: V(D)<V_% | D20: 4500 | E20: 50
B21: Vejiga | C21: V(D)<V_% | D21: 7000 | E21: 10 | F21: 7000 | G21: 20
C22: V(D)<V_% | D22: 6000 | E22: 30
C23: V(D)<V_% | D23: 4500 | E23: 50
B24: Intestinos | C24: V(D)<V_cc | D24: 5000 | E24: 1 | F24: 5000 | G24: 100
C25: V(D)<V_cc | D25: 4500 | E25: 150 | F25: 4500 | G25: 250
C26: V(D)<V_cc | D26: 4000 | E26: 350
C27: V(D)<V_cc | D27: 3000 | E27: 500
B28: Bulbo_Peneano | C28: V(D)<V_% | D28: 4400 | E28: 50
C29: Dmedia | D29: 5000
B30: Femur_I | C30: V(D)<V_% | D30: 5000 | E30: 5 | F30: 5000 | G30: 10
C31: Dmax | D31: 5200
B32: Femur_D | C32: V(D)<V_% | D32: 5000 | E32: 5 | F32: 5000 | G32: 10
C33: Dmax | D33: 5200
B34: Pene | C34: V(D)<V_cc | D34: 3000 | E34: 1
B35: Cauda_Equina | C35: Dmax | D35: 5000
A46: Si es necesario agregar mas lineas de constraints, revisar el codigo. Hardcodeado hasta este valor de fila. RL

Sheet LECHO+LN 5240-20FX
A2: Prescripción: | B2: LECHO+LN 5240-20FX | D2: =IF($B$2=RIGHT(CELL("filename",$B$2),LEN(CELL("filename",$B$2))-FIND("]",CELL("filename",$B$2))), "Todo OK ", "No coincide nombre del template con nombre de Prescripción") -> Todo OK
A4: Estructura | B4: Dosis total (cGy) | C4: Dosis diaria (cGy) | D4: Nro de fx | E4: Nro de etapa | G4: Protocolo Imágenes
A5: PTV_LECHO | B5: 5240 | C5: 262 | D5: ='LECHO+LN 5240-20FX'!$B5/'LECHO+LN 5240-20FX'!$C5 -> 20 | E5: 1 | G5: CBCT diario + CBCT primeros 3 días representativos para promedios
A6: PTV_LN | B6: 4400 | C6: 220 | D6: 20 | E6: 1
A8: Tipo de Estructura | B8: Estructura | C8: Tipo de Constraint | D8: Ideal | E8: Valor ref aux (dvh) | F8: Aceptable | G8: Valor ref limite aceptable aux (dvh)
A9: target | B9: PTV_LECHO | C9: V(D)>V_% | D9: 5135 | E9: 95 | F9: 4978 | G9: 95
C10: Dmax | D10: 5606
B11: PTV_LN | C11: V(D)>V_% | D11: 4268 | E11: 95 | F11: 4180 | G11: 95
A12: oar | B12: Recto | C12: V(D)<V_% | D12: 6000 | E12: 1 | F12: 6000 | G12: 3
C13: V(D)<V_% | D13: 5000 | E13: 22
C14: V(D)<V_% | D14: 4000 | E14: 38
C15: V(D)<V_% | D15: 3000 | E15: 57
C16: V(D)<V_% | D16: 2000 | E16: 85
C17: Dmedia | D17: 3500
B18: Vejiga | C18: V(D)<V_% | D18: 6000 | E18: 3 | F18: 6000 | G18: 5
C19: V(D)<V_% | D19: 5680 | E19: 5
C20: V(D)<V_% | D20: 4800 | E20: 25
C21: V(D)<V_% | D21: 4000 | E21: 50
C22: Dmedia | D22: 4500
B23: Bulbo_Peneano | C23: V(D)<V_% | D23: 2200 | E23: 50
B24: Femur_I | C24: V(D)<V_% | D24: 3500 | E24: 5
B25: Femur_D | C25: V(D)<V_% | D25: 3500 | E25: 5
B26: Cauda_Equina | C26: Dmax | D26: 4000
B27: Intestinos | C27: Dmax | D27: 4600
C28: V(D)<V_cc | D28: 3700 | E28: 90
C29: V(D)<V_cc | D29: 3300 | E29: 130
B30: Sigma | C30: Dmax | D30: 5000
A46: Si es necesario agregar mas lineas de constraints, revisar el codigo. Hardcodeado hasta este valor de fila. RL

Sheet LECHO_PR HIPO 5240-20FX
A2: Prescripción: | B2: LECHO_PR HIPO 5240-20FX | D2: =IF($B$2=RIGHT(CELL("filename",$B$2),LEN(CELL("filename",$B$2))-FIND("]",CELL("filename",$B$2))), "Todo OK ", "No coincide nombre del template con nombre de Prescripción") -> Todo OK
A4: Estructura | B4: Dosis total (cGy) | C4: Dosis diaria (cGy) | D4: Nro de fx | E4: Nro de etapa | G4: Protocolo Imágenes
A5: PTV_LECHO | B5: 5240 | C5: 262 | D5: ='LECHO_PR HIPO 5240-20FX'!$B5/'LECHO_PR HIPO 5240-20FX'!$C5 -> 20 | E5: 1 | G5: CBCT diario + CBCT primeros 3 días representativos para promedios
A7: Tipo de Estructura | B7: Estructura | C7: Tipo de Constraint | D7: Ideal | E7: Valor ref aux (dvh) | F7: Aceptable | G7: Valor ref limite aceptable aux (dvh)
A8: target | B8: PTV_LECHO | C8: V(D)>V_% | D8: 5135 | E8: 95
C9: Dmax | D9: 5607
A10: oar | B10: Recto | C10: V(D)<V_% | D10: 6000 | E10: 1 | F10: 6000 | G10: 10
C11: V(D)<V_% | D11: 5000 | E11: 22
C12: V(D)<V_% | D12: 4000 | E12: 38
C13: V(D)<V_% | D13: 3000 | E13: 57
B14: Vejiga | C14: V(D)<V_% | D14: 6000 | E14: 3 | F14: 6000 | G14: 10
C15: V(D)<V_% | D15: 4800 | E15: 25 | F15: 4700 | G15: 50
C16: V(D)<V_% | D16: 4000 | E16: 50
C17: V(D)<V_cc | D17: 6000 | E17: 90
C18: V(D)<V_cc | D18: 5600 | E18: 125
B19: Bulbo_Peneano | C19: V(D)<V_% | D19: 2200 | E19: 50
B20: Femur_I | C20: V(D)<V_% | D20: 3500 | E20: 5
C21: Dmax | D21: 3700
B22: Femur_D | C22: V(D)<V_% | D22: 3500 | E22: 5
C23: Dmax | D23: 3700
B24: Pene | C24: V(D)<V_cc | D24: 2600 | E24: 1
A46: Si es necesario agregar mas lineas de constraints, revisar el codigo. Hardcodeado hasta este valor de fila. RL

Sheet LECHO_PR+LN 7000 4600-35FX
A2: Prescripción: | B2: LECHO_PR+LN 7000 4600-35FX | D2: =IF($B$2=RIGHT(CELL("filename",$B$2),LEN(CELL("filename",$B$2))-FIND("]",CELL("filename",$B$2))), "Todo OK ", "No coincide nombre del template con nombre de Prescripción") -> Todo OK
A4: Estructura | B4: Dosis total (cGy) | C4: Dosis diaria (cGy) | D4: Nro de fx | E4: Nro de etapa | G4: Protocolo Imágenes
A5: PTV_LECHO | B5: 4600 | C5: 200 | D5: ='LECHO_PR+LN 7000 4600-35FX'!$B5/'LECHO_PR+LN 7000 4600-35FX'!$C5 -> 23 | E5: 1 | G5: CBCT primeros 3 dias representativos para promedios + 1 por semana
A6: PTV_LN | B6: 4600 | C6: 200 | D6: ='LECHO_PR+LN 7000 4600-35FX'!$B6/'LECHO_PR+LN 7000 4600-35FX'!$C6 -> 23 | E6: 1
A7: PTV_LECHO | B7: 2400 | C7: 200 | D7: ='LECHO_PR+LN 7000 4600-35FX'!$B7/'LECHO_PR+LN 7000 4600-35FX'!$C7 -> 12 | E7: 2
A9: Tipo de Estructura | B9: Estructura | C9: Tipo de Constraint | D9: Ideal | E9: Valor ref aux (dvh) | F9: Aceptable | G9: Valor ref limite aceptable aux (dvh)
A10: target | B10: PTV_LECHO | C10: V(D)>V_% | D10: 6860 | E10: 95
C11: Dmax | D11: 7490
B12: PTV_LN | C12: V(D)>V_% | D12: 4508 | E12: 95
A13: oar | B13: Recto | C13: V(D)<V_% | D13: 7000 | E13: 10 | F13: 7000 | G13: 20
C14: V(D)<V_% | D14: 6500 | E14: 25
C15: V(D)<V_% | D15: 6000 | E15: 35
C16: V(D)<V_% | D16: 5300 | E16: 35
C17: V(D)<V_% | D17: 4500 | E17: 50
C18: V(D)<V_% | D18: 4000 | E18: 40
B19: Vejiga | C19: V(D)<V_% | D19: 7000 | E19: 10 | F19: 7000 | G19: 20
C20: V(D)<V_% | D20: 6000 | E20: 30
C21: V(D)<V_% | D21: 4500 | E21: 50
B22: Intestinos | C22: V(D)<V_cc | D22: 5000 | E22: 1 | F22: 5000 | G22: 100
C23: V(D)<V_cc | D23: 4500 | E23: 150 | F23: 4500 | G23: 250
C24: V(D)<V_cc | D24: 3900 | E24: 195 | F24: 4000 | G24: 350
C25: V(D)<V_cc | D25: 3000 | E25: 500
B26: Bulbo_Peneano | C26: V(D)<V_% | D26: 4400 | E26: 50
C27: Dmedia | D27: 5000
B28: Femur_I | C28: V(D)<V_% | D28: 5000 | E28: 10
C29: Dmax | D29: 5200
B30: Femur_D | C30: V(D)<V_% | D30: 5000 | E30: 10
C31: Dmax | D31: 5200
B32: Pene | C32: V(D)<V_cc | D32: 3000 | E32: 1
A46: Si es necesario agregar mas lineas de constraints, revisar el codigo. Hardcodeado hasta este valor de fila. RL

Sheet SBRT PR+VS 5FX
A2: Prescripción: | B2: SBRT PR+VS 5FX | D2: =IF($B$2=RIGHT(CELL("filename",$B$2),LEN(CELL("filename",$B$2))-FIND("]",CELL("filename",$B$2))), "Todo OK ", "No coincide nombre del template con nombre de Prescripción") -> Todo OK
A4: Estructura | B4: Dosis total (cGy) | C4: Dosis diaria (cGy) | D4: Nro de fx | E4: Nro de etapa | G4: Protocolo Imágenes
A5: PTV_PR | B5: 3625 | C5: 725 | D5: ='SBRT PR+VS 5FX'!$B5/'SBRT PR+VS 5FX'!$C5 -> 5 | E5: 1 | G5: CBCT diario (SRS/SBRT)
A6: PTV_VS | B6: 2750 | C6: 550 | D6: ='SBRT PR+VS 5FX'!$B6/'SBRT PR+VS 5FX'!$C6 -> 5 | E6: 1
A8: Tipo de Estructura | B8: Estructura | C8: Tipo de Constraint | D8: Ideal | E8: Valor ref aux (dvh) | F8: Aceptable | G8: Valor ref limite aceptable aux (dvh)
A9: target | B9: PTV_PR | C9: V(D)>V_% | D9: 3553 | E9: 95
C10: Dmax | D10: 4531
B11: PTV_VS | C11: V(D)>V_% | D11: 2695 | E11: 95
C12: Dmax | D12: 3438
A13: oar | B13: Recto | C13: V(D)<V_% | D13: 3200 | E13: 35
C14: V(D)<V_% | D14: 2900 | E14: 50
C15: V(D)<V_cc | D15: 3300 | E15: 2
C16: V(D)<V_cc | D16: 3700 | E16: 1
B17: Vejiga | C17: V(D)<V_% | D17: 3200 | E17: 35
C18: V(D)<V_cc | D18: 3600 | E18: 1
C19: V(D)<V_cc | D19: 3200 | E19: 2
C20: V(D)<V_cc | D20: 3700 | E20: 10
B21: Uretra | C21: Dmax | D21: 3800 | F21: 4000
B22: Bulbo_Peneano | C22: V(D)<V_% | D22: 2950 | E22: 50
B23: Intestinos | C23: V(D)<V_cc | D23: 2650 | E23: 5
C24: Dmax | D24: 3000
B25: Femur_I | C25: Dmax | D25: 1600
C26: V(D)<V_% | D26: 1600 | E26: 5
B27: Femur_D | C27: Dmax | D27: 1600
C28: V(D)<V_% | D28: 1600 | E28: 5
B29: Colon | C29: Dmax | D29: 3000
C30: V(D)<V_cc | D30: 3250 | E30: 20
C31: V(D)<V_cc | D31: 2800 | E31: 5
B32: Trigono | C32: Dmax | D32: 3806
A46: Si es necesario agregar mas lineas de constraints, revisar el codigo. Hardcodeado hasta este valor de fila. RL

Sheet CERVIX 4600-23FX
A2: Prescripción: | B2: CERVIX 4600-23FX | D2: =IF($B$2=RIGHT(CELL("filename",$B$2),LEN(CELL("filename",$B$2))-FIND("]",CELL("filename",$B$2))), "Todo OK ", "No coincide nombre del template con nombre de Prescripción") -> Todo OK
A4: Estructura | B4: Dosis total (cGy) | C4: Dosis diaria (cGy) | D4: Nro de fx | E4: Nro de etapa | G4: Protocolo Imágenes
A5: PTV | B5: 4600 | C5: 200 | D5: ='CERVIX 4600-23FX'!$B5/'CERVIX 4600-23FX'!$C5 -> 23 | E5: 1 | G5: CBCT primeros 3 dias representativos para promedios + 1 por semana
A7: Tipo de Estructura | B7: Estructura | C7: Tipo de Constraint | D7: Ideal | E7: Valor ref aux (dvh) | F7: Aceptable | G7: Valor ref limite aceptable aux (dvh)
A8: target | B8: PTV | C8: V(D)>V_% | D8: 4508 | E8: 95
C9: Dmax | D9: 4922
B10: PTV_LN | C10: V(D)>V_% | D10: 4508 | E10: 95
C11: Dmax | D11: 4922
A12: oar | B12: Recto | C12: V(D)<V_% | D12: 5000 | E12: 50
C13: V(D)<V_% | D13: 4000 | E13: 40 | F13: 4000 | G13: 60
B14: Vejiga | C14: V(D)<V_% | D14: 4500 | E14: 35
C15: V(D)<V_% | D15: 4000 | E15: 40 | F15: 4000 | G15: 60
B16: Intestinos | C16: Dmax | D16: 4600 | F16: 5000
C17: V(D)<V_cc | D17: 4500 | E17: 40 | F17: 4500 | G17: 65
C18: V(D)<V_cc | D18: 4000 | E18: 100
C19: V(D)<V_cc | D19: 3500 | E19: 300
C20: V(D)<V_% | D20: 3500 | E20: 35
C21: V(D)<V_cc | D21: 3000 | E21: 400
B22: Femur_I | C22: Dmax | D22: 5000
C23: V(D)<V_% | D23: 4500 | E23: 25
C24: V(D)<V_% | D24: 4000 | E24: 40
B25: Femur_D | C25: Dmax | D25: 5000
C26: V(D)<V_% | D26: 4500 | E26: 25
C27: V(D)<V_% | D27: 4000 | E27: 40
B28: Cauda_Equina | C28: Dmax | D28: 5000
B29: Sigma | C29: Dmax | D29: 4830
B30: Rinon_I | C30: V(D)<V_% | D30: 1800 | E30: 15
C31: V(D)<V_% | D31: 1400 | E31: 30
B32: Rinon_D | C32: V(D)<V_% | D32: 1800 | E32: 15
C33: V(D)<V_% | D33: 1400 | E33: 30
B34: Medula | C34: Dmax | D34: 4500
B35: Hígado | C35: V(D)<V_% | D35: 3000 | E35: 30 | F35: 4800 | G35: 33
C36: Dmedia | D36: 2500 | F36: 3000
A46: Si es necesario agregar mas lineas de constraints, revisar el codigo. Hardcodeado hasta este valor de fila. RL

Sheet ENDOMETRIO 4600-23FX
A2: Prescripción: | B2: ENDOMETRIO 4600-23FX | D2: =IF($B$2=RIGHT(CELL("filename",$B$2),LEN(CELL("filename",$B$2))-FIND("]",CELL("filename",$B$2))), "Todo OK ", "No coincide nombre del template con nombre de Prescripción") -> Todo OK
A4: Estructura | B4: Dosis total (cGy) | C4: Dosis diaria (cGy) | D4: Nro de fx | E4: Nro de etapa | G4: Protocolo Imágenes
A5: PTV | B5: 4600 | C5: 200 | D5: ='ENDOMETRIO 4600-23FX'!$B5/'ENDOMETRIO 4600-23FX'!$C5 -> 23 | E5: 1 | G5: CBCT primeros 3 dias representativos para promedios + 1 por semana
A7: Tipo de Estructura | B7: Estructura | C7: Tipo de Constraint | D7: Ideal | E7: Valor ref aux (dvh) | F7: Aceptable | G7: Valor ref limite aceptable aux (dvh)
A8: target | B8: PTV | C8: V(D)>V_% | D8: 4508 | E8: 95
C9: Dmax | D9: 4922
B10: PTV_LN | C10: V(D)>V_% | D10: 4508 | E10: 95
C11: Dmax | D11: 4922
A12: oar | B12: Recto | C12: V(D)<V_% | D12: 5000 | E12: 50
C13: V(D)<V_% | D13: 4000 | E13: 40 | F13: 4000 | G13: 60
B14: Vejiga | C14: V(D)<V_% | D14: 4500 | E14: 35
C15: V(D)<V_% | D15: 4000 | E15: 40 | F15: 4000 | G15: 60
B16: Intestinos | C16: Dmax | D16: 4600 | F16: 5000
C17: V(D)<V_cc | D17: 4500 | E17: 40 | F17: 4500 | G17: 65
C18: V(D)<V_cc | D18: 4000 | E18: 100
C19: V(D)<V_cc | D19: 3500 | E19: 300
C20: V(D)<V_% | D20: 3500 | E20: 35
C21: V(D)<V_cc | D21: 3000 | E21: 400
B22: Femur_I | C22: Dmax | D22: 5000
C23: V(D)<V_% | D23: 4500 | E23: 25
C24: V(D)<V_% | D24: 4000 | E24: 40
B25: Femur_D | C25: Dmax | D25: 5000
C26: V(D)<V_% | D26: 4500 | E26: 25
C27: V(D)<V_% | D27: 4000 | E27: 40
B28: Cauda_Equina | C28: Dmax | D28: 5000
B29: Sigma | C29: Dmax | D29: 4830
B30: Rinon_I | C30: V(D)<V_% | D30: 1800 | E30: 15
C31: V(D)<V_% | D31: 1400 | E31: 30
B32: Rinon_D | C32: V(D)<V_% | D32: 1800 | E32: 15
C33: V(D)<V_% | D33: 1400 | E33: 30
B34: Medula | C34: Dmax | D34: 4500
B35: Hígado | C35: V(D)<V_% | D35: 3000 | E35: 30 | F35: 4800 | G35: 33
C36: Dmedia | D36: 2500 | F36: 3000
A46: Si es necesario agregar mas lineas de constraints, revisar el codigo. Hardcodeado hasta este valor de fila. RL

Sheet PELVIS GINECOLOGICA
A2: Prescripción: | B2: PELVIS GINECOLOGICA | D2: =IF($B$2=RIGHT(CELL("filename",$B$2),LEN(CELL("filename",$B$2))-FIND("]",CELL("filename",$B$2))), "Todo OK ", "No coincide nombre del template con nombre de Prescripción") -> Todo OK
A4: Estructura | B4: Dosis total (cGy) | C4: Dosis diaria (cGy) | D4: Nro de fx | E4: Nro de etapa | G4: Protocolo Imágenes
A5: PTV_50 | B5: 5000 | C5: 200 | D5: ='PELVIS GINECOLOGICA'!$B5/'PELVIS GINECOLOGICA'!$C5 -> 25 | E5: 1 | G5: CBCT primeros 3 dias representativos para promedios + 1 por semana
A6: PTV_45 | B6: 4500 | C6: 180 | D6: ='PELVIS GINECOLOGICA'!$B6/'PELVIS GINECOLOGICA'!$C6 -> 25 | E6: 1
A8: Tipo de Estructura | B8: Estructura | C8: Tipo de Constraint | D8: Ideal | E8: Valor ref aux (dvh) | F8: Aceptable | G8: Valor ref limite aceptable aux (dvh)
A9: target | B9: PTV_50 | C9: V(D)>V_% | D9: 4900 | E9: 95
C10: Dmax | D10: 5350 | F10: 5500
B11: PTV_45 | C11: V(D)>V_% | D11: 4410 | E11: 95
C12: Dmax | D12: 4815 | F12: 4950
A13: oar | B13: Recto | C13: V(D)<V_% | D13: 5000 | E13: 50
C14: V(D)<V_% | D14: 4000 | E14: 40 | F14: 4000 | G14: 60
B15: Vejiga | C15: V(D)<V_% | D15: 4500 | E15: 35
C16: V(D)<V_% | D16: 4000 | E16: 40 | F16: 4000 | G16: 60
B17: Intestinos | C17: Dmax | D17: 4600 | F17: 5000
C18: V(D)<V_cc | D18: 4500 | E18: 40 | F18: 4500 | G18: 65
C19: V(D)<V_cc | D19: 4000 | E19: 100
C20: V(D)<V_cc | D20: 3500 | E20: 300
C21: V(D)<V_% | D21: 3500 | E21: 35
C22: V(D)<V_cc | D22: 3000 | E22: 400
B23: Femur_I | C23: Dmax | D23: 5000
C24: V(D)<V_% | D24: 4500 | E24: 25
C25: V(D)<V_% | D25: 4000 | E25: 40
B26: Femur_D | C26: Dmax | D26: 5000
C27: V(D)<V_% | D27: 4500 | E27: 25
C28: V(D)<V_% | D28: 4000 | E28: 40
B29: Cauda_Equina | C29: Dmax | D29: 5000
B30: Sigma | C30: Dmax | D30: 4830
B31: Rinon_I | C31: V(D)<V_% | D31: 1800 | E31: 15
C32: V(D)<V_% | D32: 1400 | E32: 30
B33: Rinon_D | C33: V(D)<V_% | D33: 1800 | E33: 15
C34: V(D)<V_% | D34: 1400 | E34: 30
B35: Medula | C35: Dmax | D35: 4500
B36: Hígado | C36: V(D)<V_% | D36: 3000 | E36: 30 | F36: 4800 | G36: 33
C37: Dmedia | D37: 2500 | F37: 3000
A46: Si es necesario agregar mas lineas de constraints, revisar el codigo. Hardcodeado hasta este valor de fila. RL

Sheet PELVIS GINECOLOGICA + LA
A2: Prescripción: | B2: PELVIS GINECOLOGICA + LA | D2: =IF($B$2=RIGHT(CELL("filename",$B$2),LEN(CELL("filename",$B$2))-FIND("]",CELL("filename",$B$2))), "Todo OK ", "No coincide nombre del template con nombre de Prescripción") -> Todo OK
A4: Estructura | B4: Dosis total (cGy) | C4: Dosis diaria (cGy) | D4: Nro de fx | E4: Nro de etapa | G4: Protocolo Imágenes
A5: PTV_50 | B5: 5000 | C5: 200 | D5: ='PELVIS GINECOLOGICA + LA'!$B5/'PELVIS GINECOLOGICA + LA'!$C5 -> 25 | E5: 1 | G5: CBCT primeros 3 dias representativos para promedios + 1 por semana
A6: PTV_45 | B6: 4500 | C6: 180 | D6: ='PELVIS GINECOLOGICA + LA'!$B6/'PELVIS GINECOLOGICA + LA'!$C6 -> 25 | E6: 1
A8: Tipo de Estructura | B8: Estructura | C8: Tipo de Constraint | D8: Ideal | E8: Valor ref aux (dvh) | F8: Aceptable | G8: Valor ref limite aceptable aux (dvh)
A9: target | B9: PTV_50 | C9: V(D)>V_% | D9: 4900 | E9: 95
C10: Dmax | D10: 5350 | F10: 5500
B11: PTV_45 | C11: V(D)>V_% | D11: 4410 | E11: 95
C12: Dmax | D12: 4815 | F12: 4950
A13: oar | B13: Recto | C13: V(D)<V_% | D13: 5000 | E13: 50
C14: V(D)<V_% | D14: 4000 | E14: 40 | F14: 4000 | G14: 60
B15: Vejiga | C15: V(D)<V_% | D15: 4500 | E15: 35
C16: V(D)<V_% | D16: 4000 | E16: 40 | F16: 4000 | G16: 60
B17: Intestinos | C17: Dmax | D17: 4600 | F17: 5000
C18: V(D)<V_cc | D18: 4500 | E18: 40 | F18: 4500 | G18: 65
C19: V(D)<V_cc | D19: 4000 | E19: 100
C20: V(D)<V_cc | D20: 3500 | E20: 300
C21: V(D)<V_% | D21: 3500 | E21: 35
C22: V(D)<V_cc | D22: 3000 | E22: 400
B23: Femur_I | C23: Dmax | D23: 5000
C24: V(D)<V_% | D24: 4500 | E24: 25
C25: V(D)<V_% | D25: 4000 | E25: 40
B26: Femur_D | C26: Dmax | D26: 5000
C27: V(D)<V_% | D27: 4500 | E27: 25
C28: V(D)<V_% | D28: 4000 | E28: 40
B29: Cauda_Equina | C29: Dmax | D29: 5000
B30: Sigma | C30: Dmax | D30: 4830
B31: Rinon_I | C31: V(D)<V_% | D31: 1800 | E31: 15
C32: V(D)<V_% | D32: 1400 | E32: 30
B33: Rinon_D | C33: V(D)<V_% | D33: 1800 | E33: 15
C34: V(D)<V_% | D34: 1400 | E34: 30
B35: Medula | C35: Dmax | D35: 4500
B36: Hígado | C36: V(D)<V_% | D36: 3000 | E36: 30 | F36: 4800 | G36: 33
C37: Dmedia | D37: 2500 | F37: 3000
A46: Si es necesario agregar mas lineas de constraints, revisar el codigo. Hardcodeado hasta este valor de fila. RL

Sheet CERVIX+LN+LNPOS
A2: Prescripción: | B2: CERVIX+LN+LNPOS | D2: =IF($B$2=RIGHT(CELL("filename",$B$2),LEN(CELL("filename",$B$2))-FIND("]",CELL("filename",$B$2))), "Todo OK ", "No coincide nombre del template con nombre de Prescripción") -> Todo OK
A4: Estructura | B4: Dosis total (cGy) | C4: Dosis diaria (cGy) | D4: Nro de fx | E4: Nro de etapa | G4: Protocolo Imágenes
A5: PTV | B5: 4500 | C5: 180 | D5: ='CERVIX+LN+LNPOS'!$B5/'CERVIX+LN+LNPOS'!$C5 -> 25 | E5: 1 | G5: CBCT primeros 3 dias representativos para promedios + 1 por semana
A6: PTV_LN | B6: 4500 | C6: 180 | D6: =B6/C6 -> 25 | E6: 1
A7: PTV_Lnpos | B7: 5500 | C7: 220 | D7: ='CERVIX+LN+LNPOS'!$B7/'CERVIX+LN+LNPOS'!$C7 -> 25 | E7: 1
A9: Tipo de Estructura | B9: Estructura | C9: Tipo de Constraint | D9: Ideal | E9: Valor ref aux (dvh) | F9: Aceptable | G9: Valor ref limite aceptable aux (dvh)
A10: target | B10: PTV | C10: V(D)>V_% | D10: 4410 | E10: 95
B11: PTV_LN | C11: V(D)>V_% | D11: 4410 | E11: 95
B12: PTV_Lnpos | C12: V(D)>V_% | D12: 5390 | E12: 95
C13: Dmax | D13: 5885
A14: oar | B14: Recto | C14: V(D)<V_% | D14: 6500 | E14: 25
C15: V(D)<V_% | D15: 6000 | E15: 35
C16: V(D)<V_% | D16: 5000 | E16: 50
C17: V(D)<V_% | D17: 4000 | E17: 40 | F17: 4000 | G17: 60
B18: Vejiga | C18: V(D)<V_% | D18: 4500 | E18: 35 | F18: 4500 | G18: 50
C19: V(D)<V_% | D19: 4000 | E19: 40 | F19: 4000 | G19: 60
B20: Intestinos | C20: Dmax | D20: 4600
C21: V(D)<V_cc | D21: 4500 | E21: 195
C22: V(D)<V_% | D22: 4000 | E22: 30
B23: Femur_I | C23: Dmax | D23: 5200
C24: V(D)<V_% | D24: 3500 | E24: 10
B25: Femur_D | C25: Dmax | D25: 5200
C26: V(D)<V_% | D26: 3500 | E26: 10
B27: Cauda_Equina | C27: Dmax | D27: 5000
B28: Sigma | C28: Dmax | D28: 4830
B29: Rinon_I | C29: V(D)<V_% | D29: 1800 | E29: 15
C30: V(D)<V_% | D30: 1400 | E30: 30
B31: Rinon_D | C31: V(D)<V_% | D31: 1800 | E31: 15
C32: V(D)<V_% | D32: 1400 | E32: 30
A46: Si es necesario agregar mas lineas de constraints, revisar el codigo. Hardcodeado hasta este valor de fila. RL

Sheet RECTO CURSO CORTO
A2: Prescripción: | B2: RECTO CURSO CORTO | D2: =IF($B$2=RIGHT(CELL("filename",$B$2),LEN(CELL("filename",$B$2))-FIND("]",CELL("filename",$B$2))), "Todo OK ", "No coincide nombre del template con nombre de Prescripción") -> Todo OK
A4: Estructura | B4: Dosis total (cGy) | C4: Dosis diaria (cGy) | D4: Nro de fx | E4: Nro de etapa | G4: Protocolo Imágenes
A5: PTV | B5: 2500 | C5: 500 | D5: ='RECTO CURSO CORTO'!$B5/'RECTO CURSO CORTO'!$C5 -> 5 | E5: 1 | G5: CBCT diario
A7: Tipo de Estructura | B7: Estructura | C7: Tipo de Constraint | D7: Ideal | E7: Valor ref aux (dvh) | F7: Aceptable | G7: Valor ref limite aceptable aux (dvh)
A8: target | B8: PTV | C8: V(D)>V_% | D8: 2375 | E8: 95 | F8: 2375 | G8: 90
C9: V(D)>V_% | D9: 2475 | E9: 90
C10: V(D)<V_cc | D10: 2675 | E10: 2 | F10: 2750 | G10: 0.1
B11: CTV | C11: V(D)>V_% | D11: 2500 | E11: 97 | F11: 2500 | G11: 95
A12: oar | B12: Intestinos | C12: Dmax | D12: 2500
B13: Vejiga | C13: Dmax | D13: 2500
B14: Femur_I | C14: Dmax | D14: 2500
B15: Femur_D | C15: Dmax | D15: 2500
A46: Si es necesario agregar mas lineas de constraints, revisar el codigo. Hardcodeado hasta este valor de fila. RL

Sheet RECTO CURSO LARGO 50GY
A2: Prescripción: | B2: RECTO CURSO LARGO 50GY | D2: =IF($B$2=RIGHT(CELL("filename",$B$2),LEN(CELL("filename",$B$2))-FIND("]",CELL("filename",$B$2))), "Todo OK ", "No coincide nombre del template con nombre de Prescripción") -> Todo OK
A4: Estructura | B4: Dosis total (cGy) | C4: Dosis diaria (cGy) | D4: Nro de fx | E4: Nro de etapa | G4: Protocolo Imágenes
A5: PTV_LN | B5: 4500 | C5: 180 | D5: ='RECTO CURSO LARGO 50GY'!$B5/'RECTO CURSO LARGO 50GY'!$C5 -> 25 | E5: 1 | G5: CBCT primeros 3 dias representativos para promedios + 1 por semana
A6: PTV_T | B6: 5000 | C6: 200 | D6: =B6/C6 -> 25 | E6: 1
A8: Tipo de Estructura | B8: Estructura | C8: Tipo de Constraint | D8: Ideal | E8: Valor ref aux (dvh) | F8: Aceptable | G8: Valor ref limite aceptable aux (dvh)
A9: target | B9: PTV_LN | C9: V(D)>V_% | D9: 4410 | E9: 95 | F9: 4275 | G9: 95
B10: PTV_T | C10: V(D)>V_% | D10: 4900 | E10: 95 | F10: 4750 | G10: 95
C11: Dmax | D11: 5350
A12: oar | B12: Vejiga | C12: V(D)<V_% | D12: 5000 | E12: 5 | F12: 5000 | G12: 10
C13: V(D)<V_% | D13: 4000 | E13: 35 | F13: 4000 | G13: 50
C14: V(D)<V_% | D14: 3500 | E14: 50 | F14: 3500 | G14: 70
B15: Intestinos | C15: V(D)<V_cc | D15: 5500 | E15: 5
C16: V(D)<V_cc | D16: 4500 | E16: 40 | F16: 4500 | G16: 60
C17: V(D)<V_cc | D17: 3500 | E17: 300 | F17: 3500 | G17: 600
C18: V(D)<V_% | D18: 3500 | E18: 35 | F18: 3500 | G18: 60
C19: V(D)<V_cc | D19: 3000 | E19: 400
B20: Femur_I | C20: V(D)<V_% | D20: 4400 | E20: 5 | F20: 4400 | G20: 10
C21: V(D)<V_% | D21: 4000 | E21: 35
C22: V(D)<V_% | D22: 3000 | E22: 50
B23: Femur_D | C23: V(D)<V_% | D23: 4400 | E23: 5 | F23: 4400 | G23: 10
C24: V(D)<V_% | D24: 4000 | E24: 35
C25: V(D)<V_% | D25: 3000 | E25: 50
B26: Piel | C26: Dmax | D26: 4000 | F26: 4500
B27: Vejiga-PTV | C27: V(D)<V_% | D27: 5000 | E27: 5
C28: V(D)<V_% | D28: 4000 | E28: 35
C29: V(D)<V_% | D29: 3500 | E29: 50
B30: Intestinos-PTV | C30: V(D)<V_cc | D30: 4500 | E30: 40
C31: V(D)<V_cc | D31: 3500 | E31: 300
C32: V(D)<V_cc | D32: 3000 | E32: 400
A46: Si es necesario agregar mas lineas de constraints, revisar el codigo. Hardcodeado hasta este valor de fila. RL

Sheet RECTO CURSO LARGO 54GY
A2: Prescripción: | B2: RECTO CURSO LARGO 54GY | D2: =IF($B$2=RIGHT(CELL("filename",$B$2),LEN(CELL("filename",$B$2))-FIND("]",CELL("filename",$B$2))), "Todo OK ", "No coincide nombre del template con nombre de Prescripción") -> Todo OK
A4: Estructura | B4: Dosis total (cGy) | C4: Dosis diaria (cGy) | D4: Nro de fx | E4: Nro de etapa | G4: Protocolo Imágenes
A5: PTV | B5: 4500 | C5: 180 | D5: ='RECTO CURSO LARGO 54GY'!$B5/'RECTO CURSO LARGO 54GY'!$C5 -> 25 | E5: 1 | G5: CBCT primeros 3 dias representativos para promedios + 1 por semana
A6: PTV_BOOST | B6: 5400 | C6: 216 | D6: =B6/C6 -> 25 | E6: 1
A8: Tipo de Estructura | B8: Estructura | C8: Tipo de Constraint | D8: Ideal | E8: Valor ref aux (dvh) | F8: Aceptable | G8: Valor ref limite aceptable aux (dvh)
A9: target | B9: PTV | C9: V(D)>V_% | D9: 4410 | E9: 95 | F9: 4275 | G9: 95
B10: PTV_BOOST | C10: V(D)>V_% | D10: 5292 | E10: 95 | F10: 5130 | G10: 95
C11: Dmax | D11: 5778
A12: oar | B12: Vejiga | C12: V(D)<V_% | D12: 5000 | E12: 5 | F12: 5000 | G12: 10
C13: V(D)<V_% | D13: 4000 | E13: 35 | F13: 4000 | G13: 50
C14: V(D)<V_% | D14: 3500 | E14: 50 | F14: 3500 | G14: 70
B15: Intestinos | C15: V(D)<V_cc | D15: 5500 | E15: 5
C16: V(D)<V_cc | D16: 4500 | E16: 40 | F16: 4500 | G16: 60
C17: V(D)<V_cc | D17: 3500 | E17: 300 | F17: 3500 | G17: 600
C18: V(D)<V_% | D18: 3500 | E18: 35 | F18: 3500 | G18: 60
C19: V(D)<V_cc | D19: 3000 | E19: 400
B20: Femur_I | C20: V(D)<V_% | D20: 4400 | E20: 5 | F20: 4400 | G20: 10
C21: V(D)<V_% | D21: 4000 | E21: 35
C22: V(D)<V_% | D22: 3000 | E22: 50
B23: Femur_D | C23: V(D)<V_% | D23: 4400 | E23: 5 | F23: 4400 | G23: 10
C24: V(D)<V_% | D24: 4000 | E24: 35
C25: V(D)<V_% | D25: 3000 | E25: 50
B26: Piel | C26: Dmax | D26: 4000 | F26: 4500
B27: Vejiga-PTV | C27: V(D)<V_% | D27: 5000 | E27: 5
C28: V(D)<V_% | D28: 4000 | E28: 35
C29: V(D)<V_% | D29: 3500 | E29: 50
B30: Intestinos-PTV | C30: V(D)<V_cc | D30: 4500 | E30: 40
C31: V(D)<V_cc | D31: 3500 | E31: 300
C32: V(D)<V_cc | D32: 3000 | E32: 400
A46: Si es necesario agregar mas lineas de constraints, revisar el codigo. Hardcodeado hasta este valor de fila. RL

Sheet CYC 70-63-56
A2: Prescripción: | B2: CYC 70-63-56 | D2: =IF($B$2=RIGHT(CELL("filename",$B$2),LEN(CELL("filename",$B$2))-FIND("]",CELL("filename",$B$2))), "Todo OK ", "No coincide nombre del template con nombre de Prescripción") -> Todo OK
A4: Estructura | B4: Dosis total (cGy) | C4: Dosis diaria (cGy) | D4: Nro de fx | E4: Nro de etapa | G4: Protocolo Imágenes
A5: PTV_7000 | B5: 7000 | C5: 200 | D5: =B5/C5 -> 35 | E5: 1 | G5: CBCT primeros 3 dias representativos para promedios + 1 por semana
A6: PTV_6300 | B6: 6300 | C6: 180 | D6: =B6/C6 -> 35 | E6: 1
A7: PTV_5600 | B7: 5600 | C7: 160 | D7: =B7/C7 -> 35 | E7: 1
A9: Tipo de Estructura | B9: Estructura | C9: Tipo de Constraint | D9: Ideal | E9: Valor ref aux (dvh) | F9: Aceptable | G9: Valor ref limite aceptable aux (dvh)
A10: target | B10: PTV_7000 | C10: V(D)>V_% | D10: 6860 | E10: 95 | F10: 6650 | G10: 95
C11: Dmax | D11: 7490
B12: PTV_6300 | C12: V(D)>V_% | D12: 6174 | E12: 95 | F12: 5985 | G12: 95
C13: Dmax | D13: 7490
B14: PTV_5600 | C14: V(D)>V_% | D14: 5488 | E14: 95 | F14: 5320 | G14: 95
C15: Dmax | D15: 7490
A16: oar | B16: Tronco | C16: Dmax | D16: 5000 | F16: 5400
B17: Medula | C17: Dmax | D17: 4500
B18: Quiasma | C18: Dmax | D18: 5400
B19: NervioOpt_I | C19: Dmax | D19: 5400
B20: NervioOpt_D | C20: Dmax | D20: 5400
B21: Ojo_I | C21: Dmax | D21: 4000 | F21: 4500
B22: Ojo_D | C22: Dmax | D22: 4000 | F22: 4500
B23: Cristalino_I | C23: Dmax | D23: 700 | F23: 1000
B24: Cristalino_D | C24: Dmax | D24: 700 | F24: 1000
B25: Mandibula | C25: Dmax | D25: 7000
B26: Cerebro | C26: Dmax | D26: 6000
B27: Esofago | C27: V(D)<V_cc | D27: 5100 | E27: 5
B28: Cavidad_Oral | C28: Dmedia | D28: 3000 | F28: 5000
B29: Parotida_I | C29: Dmedia | D29: 2600
B30: Parotida_D | C30: Dmedia | D30: 2600
B31: Parotida_Unilateral | C31: Dmedia | D31: 2000
B32: Laringe | C32: V(D)<V_% | D32: 5000 | E32: 27
C33: Dmedia | D33: 4400
B34: Coclea_I | C34: Dmedia | D34: 4500
B35: Coclea_D | C35: Dmedia | D35: 4500
A46: Si es necesario agregar mas lineas de constraints, revisar el codigo. Hardcodeado hasta este valor de fila. RL

Sheet CYC 70-63
A2: Prescripción: | B2: CYC 70-63 | D2: =IF($B$2=RIGHT(CELL("filename",$B$2),LEN(CELL("filename",$B$2))-FIND("]",CELL("filename",$B$2))), "Todo OK ", "No coincide nombre del template con nombre de Prescripción") -> Todo OK
A4: Estructura | B4: Dosis total (cGy) | C4: Dosis diaria (cGy) | D4: Nro de fx | E4: Nro de etapa | G4: Protocolo Imágenes
A5: PTV_7000 | B5: 7000 | C5: 200 | D5: =B5/C5 -> 35 | E5: 1 | G5: CBCT primeros 3 dias representativos para promedios + 1 por semana
A6: PTV_6300 | B6: 6300 | C6: 180 | D6: 35 | E6: 1
A8: Tipo de Estructura | B8: Estructura | C8: Tipo de Constraint | D8: Ideal | E8: Valor ref aux (dvh) | F8: Aceptable | G8: Valor ref limite aceptable aux (dvh)
A9: target | B9: PTV_7000 | C9: V(D)>V_% | D9: 6860 | E9: 95 | F9: 6650 | G9: 95
C10: Dmax | D10: 7490
B11: PTV_6300 | C11: V(D)>V_% | D11: 6174 | E11: 95 | F11: 5985 | G11: 95
C12: Dmax | D12: 7490
A13: oar | B13: Tronco | C13: Dmax | D13: 5000 | F13: 5400
B14: Medula | C14: Dmax | D14: 4500
B15: Quiasma | C15: Dmax | D15: 5400
B16: NervioOpt_I | C16: Dmax | D16: 5400
B17: NervioOpt_D | C17: Dmax | D17: 5400
B18: Ojo_I | C18: Dmax | D18: 4000 | F18: 4500
B19: Ojo_D | C19: Dmax | D19: 4000 | F19: 4500
B20: Cristalino_I | C20: Dmax | D20: 700 | F20: 1000
B21: Cristalino_D | C21: Dmax | D21: 700 | F21: 1000
B22: Mandibula | C22: Dmax | D22: 7000
B23: Cerebro | C23: Dmax | D23: 6000
B24: Esofago | C24: V(D)<V_cc | D24: 5100 | E24: 5
B25: Cavidad_Oral | C25: Dmedia | D25: 3000 | F25: 5000
B26: Parotida_I | C26: Dmedia | D26: 2600
B27: Parotida_D | C27: Dmedia | D27: 2600
B28: Parotida_Unilateral | C28: Dmedia | D28: 2000
B29: Laringe | C29: V(D)<V_% | D29: 5000 | E29: 27
C30: Dmedia | D30: 4400
B31: Coclea_I | C31: Dmedia | D31: 4500
B32: Coclea_D | C32: Dmedia | D32: 4500
A46: Si es necesario agregar mas lineas de constraints, revisar el codigo. Hardcodeado hasta este valor de fila. RL

Sheet CYC 66-59.4-54.12
A2: Prescripción: | B2: CYC 66-59.4-54.12 | D2: =IF($B$2=RIGHT(CELL("filename",$B$2),LEN(CELL("filename",$B$2))-FIND("]",CELL("filename",$B$2))), "Todo OK ", "No coincide nombre del template con nombre de Prescripción") -> Todo OK
A4: Estructura | B4: Dosis total (cGy) | C4: Dosis diaria (cGy) | D4: Nro de fx | E4: Nro de etapa | G4: Protocolo Imágenes
A5: PTV_6600 | B5: 6600 | C5: 200 | D5: =B5/C5 -> 33 | E5: 1 | G5: CBCT primeros 3 dias representativos para promedios + 1 por semana
A6: PTV_5940 | B6: 5940 | C6: 180 | D6: 33 | E6: 1
A7: PTV_5412 | B7: 5412 | C7: 164 | D7: 33 | E7: 1
A9: Tipo de Estructura | B9: Estructura | C9: Tipo de Constraint | D9: Ideal | E9: Valor ref aux (dvh) | F9: Aceptable | G9: Valor ref limite aceptable aux (dvh)
A10: target | B10: PTV_6600 | C10: V(D)>V_% | D10: 6468 | E10: 95 | F10: 6270 | G10: 95
C11: Dmax | D11: 7062
B12: PTV_5940 | C12: V(D)>V_% | D12: 5821 | E12: 95 | F12: 5643 | G12: 95
C13: Dmax | D13: 6356
B14: PTV_5412 | C14: V(D)>V_% | D14: 5304 | E14: 95 | F14: 5141 | G14: 95
C15: Dmax | D15: 5791
A16: oar | B16: Tronco | C16: Dmax | D16: 5000 | F16: 5400
B17: Medula | C17: Dmax | D17: 4500
B18: Quiasma | C18: Dmax | D18: 5400
B19: NervioOpt_I | C19: Dmax | D19: 5400
B20: NervioOpt_D | C20: Dmax | D20: 5400
B21: Ojo_I | C21: Dmax | D21: 4000 | F21: 4500
B22: Ojo_D | C22: Dmax | D22: 4000 | F22: 4500
B23: Cristalino_I | C23: Dmax | D23: 700 | F23: 1000
B24: Cristalino_D | C24: Dmax | D24: 700 | F24: 1000
B25: Mandibula | C25: Dmax | D25: 7000
B26: Cerebro | C26: Dmax | D26: 6000
B27: Esofago | C27: V(D)<V_cc | D27: 5100 | E27: 5
B28: Cavidad_Oral | C28: Dmedia | D28: 3000 | F28: 5000
B29: Parotida_I | C29: Dmedia | D29: 2600
B30: Parotida_D | C30: Dmedia | D30: 2600
B31: Parotida_Unilateral | C31: Dmedia | D31: 2000
B32: Laringe | C32: V(D)<V_% | D32: 5000 | E32: 27
C33: Dmedia | D33: 4400
B34: Coclea_I | C34: Dmedia | D34: 4500
B35: Coclea_D | C35: Dmedia | D35: 4500
A46: Si es necesario agregar mas lineas de constraints, revisar el codigo. Hardcodeado hasta este valor de fila. RL

Sheet GLIOBLASTOMA 60GY
A2: Prescripción: | B2: GLIOBLASTOMA 60GY | D2: =IF($B$2=RIGHT(CELL("filename",$B$2),LEN(CELL("filename",$B$2))-FIND("]",CELL("filename",$B$2))), "Todo OK ", "No coincide nombre del template con nombre de Prescripción") -> Todo OK
A4: Estructura | B4: Dosis total (cGy) | C4: Dosis diaria (cGy) | D4: Nro de fx | E4: Nro de etapa | G4: Protocolo Imágenes
A5: PTV | B5: 6000 | C5: 200 | D5: =B5/C5 -> 30 | E5: 1 | G5: CBCT primer día (Syn) + Portales POST-LAT dia por medio
A7: Tipo de Estructura | B7: Estructura | C7: Tipo de Constraint | D7: Ideal | E7: Valor ref aux (dvh) | F7: Aceptable | G7: Valor ref limite aceptable aux (dvh)
A8: target | B8: PTV | C8: V(D)>V_% | D8: 5880 | E8: 95 | F8: 5700 | G8: 95
C9: Dmax | D9: 6420
A10: oar | B10: Tronco | C10: Dmax | D10: 5000 | F10: 5400
B11: Medula | C11: Dmax | D11: 4500
B12: Quiasma | C12: Dmax | D12: 5400
B13: NervioOpt_I | C13: Dmax | D13: 5400
B14: NervioOpt_D | C14: Dmax | D14: 5400
B15: Ojo_I | C15: Dmax | D15: 4000 | F15: 4500
B16: Ojo_D | C16: Dmax | D16: 4000 | F16: 4500
B17: Cristalino_I | C17: Dmax | D17: 700 | F17: 1000
B18: Cristalino_D | C18: Dmax | D18: 700 | F18: 1000
B19: Cerebro-PTV | C19: Dmax | D19: 6420
B20: Coclea_I | C20: Dmedia | D20: 4500
B21: Coclea_D | C21: Dmedia | D21: 4500
A46: Si es necesario agregar mas lineas de constraints, revisar el codigo. Hardcodeado hasta este valor de fila. RL

Sheet HOLOCRANEO 30GY
A2: Prescripción: | B2: HOLOCRANEO 30GY | D2: =IF($B$2=RIGHT(CELL("filename",$B$2),LEN(CELL("filename",$B$2))-FIND("]",CELL("filename",$B$2))), "Todo OK ", "No coincide nombre del template con nombre de Prescripción") -> Todo OK
A4: Estructura | B4: Dosis total (cGy) | C4: Dosis diaria (cGy) | D4: Nro de fx | E4: Nro de etapa | G4: Protocolo Imágenes
A5: PTV | B5: 3000 | C5: 300 | D5: ='HOLOCRANEO 30GY'!$B5/'HOLOCRANEO 30GY'!$C5 -> 10 | E5: 1 | G5: Portales POST-LAT semanal
A7: Tipo de Estructura | B7: Estructura | C7: Tipo de Constraint | D7: Ideal | E7: Valor ref aux (dvh) | F7: Aceptable | G7: Valor ref limite aceptable aux (dvh)
A8: target | B8: PTV | C8: V(D)>V_% | D8: 2910 | E8: 95 | F8: 2850 | G8: 95
C9: Dmax | D9: 3210
A10: oar | B10: Ojo_I | C10: Dmax | D10: 3000
B11: Ojo_D | C11: Dmax | D11: 3000
B12: Cristalino_I | C12: Dmax | D12: 500 | F12: 1000
B13: Cristalino_D | C13: Dmax | D13: 500 | F13: 1000
B14: Paciente | C14: Dmax | D14: 3210
A46: Si es necesario agregar mas lineas de constraints, revisar el codigo. Hardcodeado hasta este valor de fila. RL

Sheet HOLOCRANEO 25GY
A2: Prescripción: | B2: HOLOCRANEO 25GY | D2: =IF($B$2=RIGHT(CELL("filename",$B$2),LEN(CELL("filename",$B$2))-FIND("]",CELL("filename",$B$2))), "Todo OK ", "No coincide nombre del template con nombre de Prescripción") -> Todo OK
A4: Estructura | B4: Dosis total (cGy) | C4: Dosis diaria (cGy) | D4: Nro de fx | E4: Nro de etapa | G4: Protocolo Imágenes
A5: PTV | B5: 2500 | C5: 250 | D5: ='HOLOCRANEO 25GY'!$B5/'HOLOCRANEO 25GY'!$C5 -> 10 | E5: 1 | G5: Portales POST-LAT semanal
A7: Tipo de Estructura | B7: Estructura | C7: Tipo de Constraint | D7: Ideal | E7: Valor ref aux (dvh) | F7: Aceptable | G7: Valor ref limite aceptable aux (dvh)
A8: target | B8: PTV | C8: V(D)>V_% | D8: 2425 | E8: 95 | F8: 2375 | G8: 95
C9: Dmax | D9: 2675
A10: oar | B10: Ojo_I | C10: Dmax | D10: 3000
B11: Ojo_D | C11: Dmax | D11: 3000
B12: Cristalino_I | C12: Dmax | D12: 500 | F12: 1000
B13: Cristalino_D | C13: Dmax | D13: 500 | F13: 1000
B14: Paciente | C14: Dmax | D14: 2675
A46: Si es necesario agregar mas lineas de constraints, revisar el codigo. Hardcodeado hasta este valor de fila. RL

Sheet HOLOCRANEO PROTHIPO
A2: Prescripción: | B2: HOLOCRANEO PROTHIPO | D2: =IF($B$2=RIGHT(CELL("filename",$B$2),LEN(CELL("filename",$B$2))-FIND("]",CELL("filename",$B$2))), "Todo OK ", "No coincide nombre del template con nombre de Prescripción") -> Todo OK
A4: Estructura | B4: Dosis total (cGy) | C4: Dosis diaria (cGy) | D4: Nro de fx | E4: Nro de etapa | G4: Protocolo Imágenes
A5: PTV | B5: 3000 | C5: 300 | D5: ='HOLOCRANEO PROTHIPO'!$B5/'HOLOCRANEO PROTHIPO'!$C5 -> 10 | E5: 1 | G5: CBCT dia por medio
A7: Tipo de Estructura | B7: Estructura | C7: Tipo de Constraint | D7: Ideal | E7: Valor ref aux (dvh) | F7: Aceptable | G7: Valor ref limite aceptable aux (dvh)
A8: target | B8: PTV | C8: V(D)>V_% | D8: 3000 | E8: 90
C9: D(V_%)>D | D9: 98 | E9: 2500
C10: D(V_%)<D | D10: 2 | E10: 3750 | F10: 2 | G10: 4000
A11: oar | B11: Hipocampo | C11: D(V_%)<D | D11: 100 | E11: 900 | F11: 100 | G11: 1000
C12: Dmax | D12: 1600 | F12: 1700
B13: Quiasma | C13: Dmax | D13: 3750
B14: NervioOpt_I | C14: Dmax | D14: 3750
B15: NervioOpt_D | C15: Dmax | D15: 3750
B16: Ojo_I | C16: Dmax | D16: 3000
B17: Ojo_D | C17: Dmax | D17: 3000
B18: Cristalino_I | C18: Dmax | D18: 700 | F18: 1000
B19: Cristalino_D | C19: Dmax | D19: 700 | F19: 1000
A46: Si es necesario agregar mas lineas de constraints, revisar el codigo. Hardcodeado hasta este valor de fila. RL

Sheet HOLOCRANEO PROTHIPO+BOOST
A2: Prescripción: | B2: HOLOCRANEO PROTHIPO+BOOST | D2: =IF($B$2=RIGHT(CELL("filename",$B$2),LEN(CELL("filename",$B$2))-FIND("]",CELL("filename",$B$2))), "Todo OK ", "No coincide nombre del template con nombre de Prescripción") -> Todo OK
A4: Estructura | B4: Dosis total (cGy) | C4: Dosis diaria (cGy) | D4: Nro de fx | E4: Nro de etapa | G4: Protocolo Imágenes
A5: PTV | B5: 3000 | C5: 300 | D5: ='HOLOCRANEO PROTHIPO+BOOST'!$B5/'HOLOCRANEO PROTHIPO+BOOST'!$C5 -> 10 | E5: 1 | G5: CBCT dia por medio
A6: PTV_BOOST | B6: 3600 | C6: 360 | D6: 10 | E6: 1
A8: Tipo de Estructura | B8: Estructura | C8: Tipo de Constraint | D8: Ideal | E8: Valor ref aux (dvh) | F8: Aceptable | G8: Valor ref limite aceptable aux (dvh)
A9: target | B9: PTV | C9: V(D)>V_% | D9: 3000 | E9: 90
C10: D(V_%)>D | D10: 98 | E10: 2500
C11: D(V_%)<D | D11: 2 | E11: 3750 | F11: 2 | G11: 4000
B12: PTV_BOOST | C12: V(D)>V_% | D12: 3528 | E12: 95 | F12: 3420 | G12: 95
C13: Dmax | D13: 3852 | F13: 3960
A14: oar | B14: Hipocampo | C14: D(V_%)<D | D14: 100 | E14: 900 | F14: 100 | G14: 1000
C15: Dmax | D15: 1600 | F15: 1700
B16: Quiasma | C16: Dmax | D16: 3750
B17: NervioOpt_I | C17: Dmax | D17: 3750
B18: NervioOpt_D | C18: Dmax | D18: 3750
B19: Ojo_I | C19: Dmax | D19: 3000
B20: Ojo_D | C20: Dmax | D20: 3000
B21: Cristalino_I | C21: Dmax | D21: 700 | F21: 1000
B22: Cristalino_D | C22: Dmax | D22: 700 | F22: 1000
A46: Si es necesario agregar mas lineas de constraints, revisar el codigo. Hardcodeado hasta este valor de fila. RL

Sheet GLOTIS 55GY
A2: Prescripción: | B2: GLOTIS 55GY | D2: =IF($B$2=RIGHT(CELL("filename",$B$2),LEN(CELL("filename",$B$2))-FIND("]",CELL("filename",$B$2))), "Todo OK ", "No coincide nombre del template con nombre de Prescripción") -> Todo OK
A4: Estructura | B4: Dosis total (cGy) | C4: Dosis diaria (cGy) | D4: Nro de fx | E4: Nro de etapa | G4: Protocolo Imágenes
A5: PTV | B5: 5500 | C5: 275 | D5: ='GLOTIS 55GY'!$B5/'GLOTIS 55GY'!$C5 -> 20 | E5: 1 | G5: CBCT primeros 3 dias representativos para promedios + 1 por semana
A7: Tipo de Estructura | B7: Estructura | C7: Tipo de Constraint | D7: Ideal | E7: Valor ref aux (dvh) | F7: Aceptable | G7: Valor ref limite aceptable aux (dvh)
A8: target | B8: PTV | C8: V(D)>V_% | D8: 5390 | E8: 95 | F8: 5225 | G8: 95
C9: Dmax | D9: 5885
A10: oar | B10: Esofago | C10: V(D)>V_cc | D10: 4800 | E10: 5 | F10: 4800 | G10: 0.03
B11: Medula | C11: V(D)>V_cc | D11: 4200 | E11: 5
C12: Dmax | D12: 3500
B13: Carotida | C13: Dmed | D13: 4500
B14: Mandibula | C14: Dmax | D14: 5660
B15: Piel | C15: Dmax | D15: 6050
B16: G_Submandibulares | C16: Dmed | D16: 1840
B17: Parotidas | C17: Dmed | D17: 1840
A46: Si es necesario agregar mas lineas de constraints, revisar el codigo. Hardcodeado hasta este valor de fila. RL

Sheet ESOFAGO 50.4GY
A2: Prescripción: | B2: ESOFAGO 50.4GY | D2: =IF($B$2=RIGHT(CELL("filename",$B$2),LEN(CELL("filename",$B$2))-FIND("]",CELL("filename",$B$2))), "Todo OK ", "No coincide nombre del template con nombre de Prescripción") -> Todo OK
A4: Estructura | B4: Dosis total (cGy) | C4: Dosis diaria (cGy) | D4: Nro de fx | E4: Nro de etapa | G4: Protocolo Imágenes
A5: PTV_T_LN | B5: 5040 | C5: 180 | D5: ='ESOFAGO 50.4GY'!$B5/'ESOFAGO 50.4GY'!$C5 -> 28 | E5: 1 | G5: CBCT primeros 3 dias representativos para promedios + 1 por semana
A7: Tipo de Estructura | B7: Estructura | C7: Tipo de Constraint | D7: Ideal | E7: Valor ref aux (dvh) | F7: Aceptable | G7: Valor ref limite aceptable aux (dvh)
A8: target | B8: PTV_LN | C8: V(D)>V_% | D8: 4939 | E8: 95
C9: Dmax | D9: 5393
A10: oar | B10: Pulmon_I | C10: V(D)<V_% | D10: 2000 | E10: 30 | F10: 2000 | G10: 35
C11: V(D)<V_% | D11: 1000 | E11: 40 | F11: 1000 | G11: 45
C12: V(D)<V_% | D12: 500 | E12: 50 | F12: 500 | G12: 55
C13: Dmedia | D13: 2000
B14: Pulmon_D | C14: V(D)<V_% | D14: 2000 | E14: 30 | F14: 2000 | G14: 35
C15: V(D)<V_% | D15: 1000 | E15: 40 | F15: 1000 | G15: 45
C16: V(D)<V_% | D16: 500 | E16: 50 | F16: 500 | G16: 55
C17: Dmedia | D17: 2000
B18: Corazon | C18: Dmedia | D18: 2600 | F18: 3000
B19: Medula | C19: Dmax | D19: 4500
B20: Tiroides | C20: V(D)<V_% | D20: 4000 | E20: 50
B21: Laringe | C21: Dmedia | D21: 1800
A46: Si es necesario agregar mas lineas de constraints, revisar el codigo. Hardcodeado hasta este valor de fila. RL

Sheet ESOFAGO 50GY
A2: Prescripción: | B2: ESOFAGO 50GY | D2: =IF($B$2=RIGHT(CELL("filename",$B$2),LEN(CELL("filename",$B$2))-FIND("]",CELL("filename",$B$2))), "Todo OK ", "No coincide nombre del template con nombre de Prescripción") -> Todo OK
A4: Estructura | B4: Dosis total (cGy) | C4: Dosis diaria (cGy) | D4: Nro de fx | E4: Nro de etapa | G4: Protocolo Imágenes
A5: PTV | B5: 5000 | C5: 200 | D5: ='ESOFAGO 50GY'!$B5/'ESOFAGO 50GY'!$C5 -> 25 | E5: 1 | G5: CBCT primeros 3 dias representativos para promedios + 1 por semana
A7: Tipo de Estructura | B7: Estructura | C7: Tipo de Constraint | D7: Ideal | E7: Valor ref aux (dvh) | F7: Aceptable | G7: Valor ref limite aceptable aux (dvh)
A8: target | B8: PTV | C8: V(D)>V_% | D8: 4900 | E8: 95
C9: Dmax | D9: 5350
A10: oar | B10: Pulmon_I | C10: V(D)<V_% | D10: 2000 | E10: 30 | F10: 2000 | G10: 35
C11: V(D)<V_% | D11: 1000 | E11: 40 | F11: 1000 | G11: 45
C12: V(D)<V_% | D12: 500 | E12: 50 | F12: 500 | G12: 55
C13: Dmedia | D13: 2000
B14: Pulmon_D | C14: V(D)<V_% | D14: 2000 | E14: 30 | F14: 2000 | G14: 35
C15: V(D)<V_% | D15: 1000 | E15: 40 | F15: 1000 | G15: 45
C16: V(D)<V_% | D16: 500 | E16: 50 | F16: 500 | G16: 55
C17: Dmedia | D17: 2000
B18: Corazon | C18: Dmedia | D18: 2600 | F18: 3000
B19: Medula | C19: Dmax | D19: 4500
B20: Tiroides | C20: V(D)<V_% | D20: 4000 | E20: 50
B21: Laringe | C21: Dmedia | D21: 1800
B22: Humero_I | C22: Dmax | D22: 4000
B23: Humero_D | C23: Dmax | D23: 4000
B24: Higado | C24: Dmedia | D24: 2100
C25: V(D)<V_% | D25: 3000 | E25: 30
B26: Estomago | C26: Dmax | D26: 4500
B27: Rinon_I | C27: V(D)<V_% | D27: 1800 | E27: 15
C28: V(D)<V_% | D28: 1400 | E28: 30
B29: Rinon_D | C29: V(D)<V_% | D29: 1800 | E29: 15
C30: V(D)<V_% | D30: 1400 | E30: 30
B31: Riñones | C31: V(D)<V_% | D31: 2000 | E31: 30 | F31: 2000 | G31: 35
C32: Dmedia | D32: 1500 | F32: 1800
A46: Si es necesario agregar mas lineas de constraints, revisar el codigo. Hardcodeado hasta este valor de fila. RL

Sheet ESOFAGO CROSS
A2: Prescripción: | B2: ESOFAGO CROSS | D2: =IF($B$2=RIGHT(CELL("filename",$B$2),LEN(CELL("filename",$B$2))-FIND("]",CELL("filename",$B$2))), "Todo OK ", "No coincide nombre del template con nombre de Prescripción") -> Todo OK
A4: Estructura | B4: Dosis total (cGy) | C4: Dosis diaria (cGy) | D4: Nro de fx | E4: Nro de etapa | G4: Protocolo Imágenes
A5: PTV | B5: 4140 | C5: 180 | D5: ='ESOFAGO CROSS'!$B5/'ESOFAGO CROSS'!$C5 -> 23 | E5: 1 | G5: CBCT primeros 3 dias representativos para promedios + 1 por semana
A7: Tipo de Estructura | B7: Estructura | C7: Tipo de Constraint | D7: Ideal | E7: Valor ref aux (dvh) | F7: Aceptable | G7: Valor ref limite aceptable aux (dvh)
A8: target | B8: PTV | C8: V(D)>V_% | D8: 4057 | E8: 95
C9: Dmax | D9: 4430
A10: oar | B10: Pulmon_I | C10: V(D)<V_% | D10: 2000 | E10: 25 | F10: 2000 | G10: 35
C11: V(D)<V_% | D11: 1000 | E11: 40 | F11: 1000 | G11: 45
C12: V(D)<V_% | D12: 500 | E12: 50 | F12: 500 | G12: 55
C13: Dmedia | D13: 2000
B14: Pulmon_D | C14: V(D)<V_% | D14: 2000 | E14: 25 | F14: 2000 | G14: 35
C15: V(D)<V_% | D15: 1000 | E15: 40 | F15: 1000 | G15: 45
C16: V(D)<V_% | D16: 500 | E16: 50 | F16: 500 | G16: 55
C17: Dmedia | D17: 2000
B18: Corazon | C18: Dmedia | D18: 2600 | F18: 3000
B19: Medula | C19: Dmax | D19: 4500
B20: Tiroides | C20: V(D)<V_% | D20: 4000 | E20: 50
B21: Laringe | C21: Dmedia | D21: 1800
B22: Humero_I | C22: Dmax | D22: 4000
B23: Humero_D | C23: Dmax | D23: 4000
B24: Higado | C24: Dmedia | D24: 2100
C25: V(D)<V_% | D25: 3000 | E25: 30
B26: Estomago | C26: Dmax | D26: 4140 | F26: 4500
B27: Rinon_I | C27: V(D)<V_% | D27: 1800 | E27: 15
C28: V(D)<V_% | D28: 1400 | E28: 30
B29: Rinon_D | C29: V(D)<V_% | D29: 1800 | E29: 15
C30: V(D)<V_% | D30: 1400 | E30: 30
B31: Riñones | C31: V(D)<V_% | D31: 2000 | E31: 30 | F31: 2000 | G31: 35
C32: Dmedia | D32: 1500 | F32: 1800
A46: Si es necesario agregar mas lineas de constraints, revisar el codigo. Hardcodeado hasta este valor de fila. RL

Sheet PULMON 50GY
A2: Prescripción: | B2: PULMON 50GY | D2: =IF($B$2=RIGHT(CELL("filename",$B$2),LEN(CELL("filename",$B$2))-FIND("]",CELL("filename",$B$2))), "Todo OK ", "No coincide nombre del template con nombre de Prescripción") -> Todo OK
A4: Estructura | B4: Dosis total (cGy) | C4: Dosis diaria (cGy) | D4: Nro de fx | E4: Nro de etapa | G4: Protocolo Imágenes
A5: PTV_T_LN | B5: 5040 | C5: 180 | D5: ='PULMON 50GY'!$B5/'PULMON 50GY'!$C5 -> 28 | E5: 1 | G5: CBCT diario + Symmetry
A7: Tipo de Estructura | B7: Estructura | C7: Tipo de Constraint | D7: Ideal | E7: Valor ref aux (dvh) | F7: Aceptable | G7: Valor ref limite aceptable aux (dvh)
A8: target | B8: PTV | C8: V(D)>V_% | D8: 4750 | E8: 95 | F8: 4500 | G8: 95
C9: Dmax | D9: 5750 | F9: 6250
A10: oar | B10: Arbol_Bronquial | C10: V(D)<V_cc | D10: 2100 | E10: 0.5 | F10: 3200 | G10: 0.5
C11: Dmax | D11: 3300 | F11: 4000
B12: Esofago | C12: Dmax | D12: 3500
C13: V(D)<V_cc | D13: 3200 | E13: 0.5
C14: V(D)<V_cc | D14: 2750 | E14: 5
C15: V(D)<V_cc | D15: 1950 | E15: 10
B16: Traquea | C16: Dmax | D16: 3800
C17: V(D)<V_cc | D17: 4500 | E17: 5
C18: V(D)<V_cc | D18: 1650 | E18: 4
B19: A_Aorta | C19: Dmax | D19: 5250
C20: V(D)<V_cc | D20: 4700 | E20: 10
B21: V_Cava_S | C21: Dmax | D21: 5250
C22: V(D)<V_cc | D22: 4700 | E22: 10
B23: V_Cava_I | C23: Dmax | D23: 5250
C24: V(D)<V_cc | D24: 4700 | E24: 10
B25: Corazon | C25: Dmax | D25: 2900
C26: V(D)<V_cc | D26: 3200 | E26: 15
B27: Piel | C27: Dmax | D27: 3850
C28: V(D)<V_cc | D28: 3000 | E28: 10 | F28: 3650 | G28: 10
B29: Medula | C29: Dmax | D29: 2530 | F29: 3000
C30: V(D)<V_cc | D30: 2250 | E30: 0.25
B31: Pulmones_menos_ITV | C31: V(D)<V_cc | D31: 1250 | E31: 950
C32: V(D)<V_% | D32: 2000 | E32: 10 | F32: 2000 | G32: 15
C33: Dmed | D33: 800
B34: Costillas_I | C34: Dmax | D34: 4300 | F34: 5700
C35: V(D)<V_cc | D35: 3500 | E35: 1
C36: V(D)<V_cc | D36: 4500 | E36: 5
B37: Costillas_D | C37: Dmax | D37: 4300 | F37: 5700
C38: V(D)<V_cc | D38: 3500 | E38: 1
C39: V(D)<V_cc | D39: 4500 | E39: 5
B40: Pared_Costal_I | C40: Dmax | D40: 4300
C41: V(D)<V_cc | D41: 3000 | E41: 30
B42: Pared_Costal_D | C42: Dmax | D42: 4300
C43: V(D)<V_cc | D43: 3000 | E43: 30
A46: Si es necesario agregar mas lineas de constraints, revisar el codigo. Hardcodeado hasta este valor de fila. RL

Sheet PALIATIVO 30GY
A2: Prescripción: | B2: PALIATIVO 30GY | D2: =IF($B$2=RIGHT(CELL("filename",$B$2),LEN(CELL("filename",$B$2))-FIND("]",CELL("filename",$B$2))), "Todo OK ", "No coincide nombre del template con nombre de Prescripción") -> Todo OK
A4: Estructura | B4: Dosis total (cGy) | C4: Dosis diaria (cGy) | D4: Nro de fx | E4: Nro de etapa | G4: Protocolo Imágenes
A5: PTV | B5: 3000 | C5: 300 | D5: ='PALIATIVO 30GY'!$B5/'PALIATIVO 30GY'!$C5 -> 10 | E5: 1 | G5: Portales ANT-LAT semanal
A7: Tipo de Estructura | B7: Estructura | C7: Tipo de Constraint | D7: Ideal | E7: Valor ref aux (dvh) | F7: Aceptable | G7: Valor ref limite aceptable aux (dvh)
A8: target | B8: PTV | C8: V(D)>V_% | D8: 2910 | E8: 95 | F8: 2850 | G8: 95
C9: Dmax | D9: 3210 | F9: 3300
A10: oar | B10: Tronco | C10: D(V_cc)<D | D10: 0.5 | E10: 3000
B11: Ojo_I | C11: D(V_cc)<D | D11: 0.2 | E11: 2500
B12: Ojo_D | C12: D(V_cc)<D | D12: 0.2 | E12: 2500
B13: Noptico_I | C13: D(V_cc)<D | D13: 0.2 | E13: 3000
B14: Noptico_D | C14: D(V_cc)<D | D14: 0.2 | E14: 3000
B15: Quiasma | C15: D(V_cc)<D | D15: 0.2 | E15: 3000
B16: Cristalino_I | C16: Dmax | D16: 500 | E16: 800
B17: Cristalino_D | C17: Dmax | D17: 500 | E17: 800
B18: Parotida_I | C18: Dmedia | D18: 2400
B19: Parotida_D | C19: Dmedia | D19: 2400
B20: Pulmones | C20: V(D)<V_% | D20: 2000 | E20: 20 | F20: 2000 | G20: 25
C21: Dmedia | D21: 1200
B22: Esofago | C22: Dmax | D22: 3000
B23: Traquea | C23: Dmax | D23: 3000
B24: Corazon | C24: Dmax | D24: 2000
C25: Dmedia | D25: 1000
B26: Rinon_I | C26: V(D)<V_% | D26: 1500 | E26: 30
C27: Dmedia | D27: 1000
B28: Rinon_D | C28: V(D)<V_% | D28: 1500 | E28: 30
C29: Dmedia | D29: 1000
B30: Estomago | C30: Dmax | D30: 2000
B31: Higado | C31: Dmedia | D31: 1500
C32: V(D)<V_cc | D32: 1500 | E32: 700
B33: Intestinos | C33: Dmax | D33: 2000
B34: Recto | C34: Dmax | D34: 2000
B35: Vejiga | C35: Dmax | D35: 2000
B36: Genitales | C36: Dmax | D36: 2000
B37: Cauda_Equina | C37: Dmax | D37: 2500
A46: ESTA LINEA TIENE QUE SER LA 46. Hardcodeado hasta este valor de fila. RL

Sheet PALIATIVO 25GY
A2: Prescripción: | B2: PALIATIVO 25GY | D2: =IF($B$2=RIGHT(CELL("filename",$B$2),LEN(CELL("filename",$B$2))-FIND("]",CELL("filename",$B$2))), "Todo OK ", "No coincide nombre del template con nombre de Prescripción") -> Todo OK
A4: Estructura | B4: Dosis total (cGy) | C4: Dosis diaria (cGy) | D4: Nro de fx | E4: Nro de etapa | G4: Protocolo Imágenes
A5: PTV | B5: 2500 | C5: 250 | D5: ='PALIATIVO 25GY'!$B5/'PALIATIVO 25GY'!$C5 -> 10 | E5: 1 | G5: Portales ANT-LAT semanal
A7: Tipo de Estructura | B7: Estructura | C7: Tipo de Constraint | D7: Ideal | E7: Valor ref aux (dvh) | F7: Aceptable | G7: Valor ref limite aceptable aux (dvh)
A8: target | B8: PTV | C8: V(D)>V_% | D8: 2425 | E8: 95 | F8: 2375 | G8: 95
C9: Dmax | D9: 2675 | F9: 2750
A46: ESTA LINEA TIENE QUE SER LA 46. Hardcodeado hasta este valor de fila. RL

Sheet PALIATIVO 20GY
A2: Prescripción: | B2: PALIATIVO 20GY | D2: =IF($B$2=RIGHT(CELL("filename",$B$2),LEN(CELL("filename",$B$2))-FIND("]",CELL("filename",$B$2))), "Todo OK ", "No coincide nombre del template con nombre de Prescripción") -> Todo OK
A4: Estructura | B4: Dosis total (cGy) | C4: Dosis diaria (cGy) | D4: Nro de fx | E4: Nro de etapa | G4: Protocolo Imágenes
A5: PTV | B5: 2000 | C5: 400 | D5: ='PALIATIVO 20GY'!$B5/'PALIATIVO 20GY'!$C5 -> 5 | E5: 1 | G5: Portales ANT-LAT diario
A7: Tipo de Estructura | B7: Estructura | C7: Tipo de Constraint | D7: Ideal | E7: Valor ref aux (dvh) | F7: Aceptable | G7: Valor ref limite aceptable aux (dvh)
A8: target | B8: PTV | C8: V(D)>V_% | D8: 1940 | E8: 95 | F8: 1900 | G8: 95
C9: Dmax | D9: 2140 | F9: 2200
A10: oar | B10: Tronco | C10: D(V_cc)<D | D10: 0.5 | E10: 2000 | F10: 2000 | G10: 15
B11: Ojo_I | C11: D(V_cc)<D | D11: 0.2 | E11: 2000
B12: Ojo_D | C12: D(V_cc)<D | D12: 0.2 | E12: 2000
B13: Noptico_I | C13: D(V_cc)<D | D13: 0.2 | E13: 2000
B14: Noptico_D | C14: D(V_cc)<D | D14: 0.2 | E14: 2000
B15: Quiasma | C15: D(V_cc)<D | D15: 0.2 | E15: 2000
B16: Cristalino_I | C16: Dmax | D16: 500
B17: Cristalino_D | C17: Dmax | D17: 500
B18: Parotida_I | C18: Dmedia | D18: 2000
B19: Parotida_D | C19: Dmedia | D19: 2000
B20: Pulmones | C20: V(D)<V_% | D20: 2000 | E20: 10
C21: Dmedia | D21: 800
B22: Esofago | C22: Dmax | D22: 2000
B23: Traquea | C23: Dmax | D23: 2000
B24: Corazon | C24: Dmax | D24: 2000
C25: Dmedia | D25: 1000
B26: Rinon_I | C26: V(D)<V_% | D26: 1500 | E26: 35
C27: Dmedia | D27: 1000
B28: Rinon_D | C28: V(D)<V_% | D28: 1500 | E28: 35
C29: Dmedia | D29: 1000
B30: Estomago | C30: Dmax | D30: 2000
B31: Higado | C31: Dmedia | D31: 1500
C32: V(D)<V_cc | D32: 1500 | E32: 700
B33: Intestinos | C33: Dmax | D33: 2000
B34: Recto | C34: Dmax | D34: 2000
B35: Vejiga | C35: Dmax | D35: 2000
B36: Genitales | C36: Dmax | D36: 2000
B37: Cauda_Equina | C37: Dmax | D37: 2500
A46: ESTA LINEA TIENE QUE SER LA 46. Hardcodeado hasta este valor de fila. RL

Sheet PALIATIVO 8GY
A2: Prescripción: | B2: PALIATIVO 8GY | D2: =IF($B$2=RIGHT(CELL("filename",$B$2),LEN(CELL("filename",$B$2))-FIND("]",CELL("filename",$B$2))), "Todo OK ", "No coincide nombre del template con nombre de Prescripción") -> Todo OK
A4: Estructura | B4: Dosis total (cGy) | C4: Dosis diaria (cGy) | D4: Nro de fx | E4: Nro de etapa | G4: Protocolo Imágenes
A5: PTV | B5: 800 | C5: 800 | D5: ='PALIATIVO 8GY'!$B5/'PALIATIVO 8GY'!$C5 -> 1 | E5: 1 | G5: Definir previo a setup
A7: Tipo de Estructura | B7: Estructura | C7: Tipo de Constraint | D7: Ideal | E7: Valor ref aux (dvh) | F7: Aceptable | G7: Valor ref limite aceptable aux (dvh)
A8: target | B8: PTV | C8: V(D)>V_% | D8: 776 | E8: 95 | F8: 760 | G8: 95
C9: Dmax | D9: 856 | F9: 880
A46: ESTA LINEA TIENE QUE SER LA 46. Hardcodeado hasta este valor de fila. RL
